order_id,order_date,customer_id,sales_channel,state,payment_method,order_status,shipping_days
O-00001,2026-03-10,C-0053,Marketplace,PR,Debit Card,Delivered,8
O-00002,2026-01-30,C-0058,Store,PR,Pix,Delivered,3
O-00003,2026-06-03,C-0049,Marketplace,RS,Credit Card,Delivered,5
O-00004,2026-03-30,C-0124,Store,SP,Pix,Cancelled,0
O-00005,2026-05-02,C-0191,Marketplace,BA,Debit Card,Delivered,3
O-00006,2026-02-06,C-0185,Store,SC,Credit Card,Delivered,8
O-00007,2026-05-05,C-0161,Marketplace,SC,Pix,Delivered,2
O-00008,2026-06-12,C-0026,Marketplace,SP,Debit Card,Delivered,3
O-00009,2026-05-16,C-0063,Store,SC,Pix,Cancelled,0
O-00010,2026-03-03,C-0175,Store,RS,Credit Card,Cancelled,0
O-00011,2026-03-15,C-0120,Marketplace,RJ,Credit Card,Cancelled,0
O-00012,2026-06-13,C-0077,Store,RS,Debit Card,Delivered,5
O-00013,2026-05-28,C-0092,Store,SP,Credit Card,Delivered,7
O-00014,2026-04-01,C-0206,E-commerce,BA,Pix,Delivered,5
O-00015,2026-04-23,C-0202,E-commerce,RJ,Debit Card,Cancelled,0
O-00016,2026-02-03,C-0052,Marketplace,PR,Pix,Delivered,5
O-00017,2026-04-30,C-0030,E-commerce,SP,Credit Card,Delivered,7
O-00018,2026-06-13,C-0098,Store,MG,Pix,Delivered,4
O-00019,2026-01-10,C-0012,Store,RS,Credit Card,Delivered,2
O-00020,2026-06-28,C-0244,Marketplace,SC,Pix,Delivered,3
O-00021,2026-04-03,C-0219,E-commerce,SC,Pix,Delivered,6
O-00022,2026-02-01,C-0248,Store,BA,Pix,Delivered,4
O-00023,2026-05-25,C-0033,E-commerce,SC,Pix,Delivered,4
O-00024,2026-02-07,C-0220,E-commerce,RJ,Debit Card,Cancelled,0
O-00025,2026-03-02,C-0202,Marketplace,RJ,Credit Card,Delivered,3
O-00026,2026-04-03,C-0200,Marketplace,MG,Credit Card,Cancelled,0
O-00027,2026-01-28,C-0176,Store,RJ,Credit Card,Delivered,2
O-00028,2026-05-16,C-0153,Store,PR,Pix,Delivered,7
O-00029,2026-06-16,C-0168,Marketplace,MG,Debit Card,Delivered,8
O-00030,2026-01-25,C-0187,Store,BA,Debit Card,Delivered,5
O-00031,2026-04-06,C-0190,E-commerce,SP,Credit Card,Cancelled,0
O-00032,2026-03-21,C-0154,Store,BA,Pix,Delivered,4
O-00033,2026-04-05,C-0143,E-commerce,RS,Pix,Delivered,4
O-00034,2026-02-16,C-0002,E-commerce,SP,Pix,Cancelled,0
O-00035,2026-04-05,C-0041,Store,RS,Pix,Delivered,2
O-00036,2026-01-13,C-0159,Marketplace,MG,Debit Card,Delivered,8
O-00037,2026-06-23,C-0174,Marketplace,MG,Pix,Delivered,5
O-00038,2026-01-02,C-0015,E-commerce,MG,Credit Card,Delivered,3
O-00039,2026-05-17,C-0098,Marketplace,MG,Pix,Delivered,6
O-00040,2026-04-28,C-0005,E-commerce,SP,Pix,Delivered,7
O-00041,2026-04-03,C-0177,E-commerce,RS,Credit Card,Delivered,4
O-00042,2026-06-12,C-0131,E-commerce,BA,Pix,Cancelled,0
O-00043,2026-02-07,C-0027,Store,MG,Credit Card,Delivered,3
O-00044,2026-05-25,C-0194,Marketplace,MG,Pix,Delivered,6
O-00045,2026-04-01,C-0015,Marketplace,MG,Debit Card,Delivered,8
O-00046,2026-05-27,C-0233,Marketplace,PR,Debit Card,Delivered,8
O-00047,2026-02-14,C-0166,E-commerce,BA,Pix,Delivered,8
O-00048,2026-06-15,C-0162,Store,MG,Debit Card,Delivered,2
O-00049,2026-01-22,C-0153,Store,PR,Debit Card,Cancelled,0
O-00050,2026-02-16,C-0080,E-commerce,MG,Debit Card,Delivered,4
O-00051,2026-05-19,C-0198,Marketplace,MG,Credit Card,Cancelled,0
O-00052,2026-01-12,C-0113,Store,RJ,Pix,Delivered,4
O-00053,2026-05-27,C-0174,Store,MG,Debit Card,Delivered,7
O-00054,2026-01-27,C-0240,Marketplace,SP,Credit Card,Cancelled,0
O-00055,2026-04-26,C-0210,Store,SP,Debit Card,Delivered,1
O-00056,2026-02-05,C-0038,E-commerce,BA,Debit Card,Delivered,3
O-00057,2026-01-13,C-0032,E-commerce,MG,Pix,Delivered,8
O-00058,2026-01-05,C-0138,Marketplace,BA,Pix,Cancelled,0
O-00059,2026-03-03,C-0091,Marketplace,RJ,Credit Card,Delivered,2
O-00060,2026-01-05,C-0192,Store,RS,Debit Card,Delivered,4
O-00061,2026-04-01,C-0012,Marketplace,RS,Pix,Delivered,3
O-00062,2026-02-21,C-0203,E-commerce,RJ,Debit Card,Delivered,7
O-00063,2026-04-05,C-0032,Store,MG,Pix,Delivered,8
O-00064,2026-06-04,C-0111,E-commerce,PR,Debit Card,Cancelled,0
O-00065,2026-04-24,C-0177,Store,RS,Credit Card,Delivered,6
O-00066,2026-01-18,C-0033,E-commerce,SC,Debit Card,Delivered,7
O-00067,2026-04-05,C-0116,Store,RS,Credit Card,Delivered,3
O-00068,2026-04-10,C-0133,Marketplace,PR,Debit Card,Delivered,5
O-00069,2026-06-24,C-0208,Store,MG,Pix,Delivered,2
O-00070,2026-02-05,C-0052,E-commerce,PR,Credit Card,Delivered,6
O-00071,2026-04-15,C-0106,Marketplace,BA,Credit Card,Delivered,6
O-00072,2026-03-30,C-0133,E-commerce,PR,Pix,Cancelled,0
O-00073,2026-03-19,C-0040,E-commerce,RJ,Debit Card,Delivered,4
O-00074,2026-03-19,C-0161,Marketplace,SC,Credit Card,Cancelled,0
O-00075,2026-05-25,C-0237,E-commerce,PR,Credit Card,Delivered,1
O-00076,2026-06-10,C-0228,Marketplace,RJ,Pix,Delivered,5
O-00077,2026-03-29,C-0053,Marketplace,PR,Debit Card,Delivered,6
O-00078,2026-04-26,C-0069,E-commerce,PR,Credit Card,Delivered,1
O-00079,2026-02-10,C-0196,Store,BA,Debit Card,Cancelled,0
O-00080,2026-03-14,C-0013,Store,RS,Pix,Cancelled,0
O-00081,2026-01-14,C-0103,Marketplace,BA,Credit Card,Cancelled,0
O-00082,2026-06-24,C-0160,Marketplace,BA,Credit Card,Delivered,2
O-00083,2026-03-27,C-0036,Store,RJ,Debit Card,Cancelled,0
O-00084,2026-06-07,C-0101,Marketplace,BA,Pix,Delivered,6
O-00085,2026-06-26,C-0231,Marketplace,PR,Pix,Delivered,8
O-00086,2026-06-24,C-0211,E-commerce,BA,Pix,Delivered,2
O-00087,2026-02-22,C-0177,Store,RS,Pix,Cancelled,0
O-00088,2026-05-17,C-0118,Store,RS,Debit Card,Cancelled,0
O-00089,2026-03-15,C-0198,Marketplace,MG,Pix,Delivered,8
O-00090,2026-03-30,C-0210,E-commerce,SP,Credit Card,Delivered,5
O-00091,2026-05-03,C-0066,E-commerce,MG,Pix,Delivered,5
O-00092,2026-01-14,C-0060,E-commerce,MG,Debit Card,Delivered,8
O-00093,2026-05-21,C-0247,E-commerce,PR,Pix,Delivered,8
O-00094,2026-01-10,C-0190,E-commerce,SP,Credit Card,Delivered,1
O-00095,2026-05-15,C-0140,Store,RS,Pix,Delivered,8
O-00096,2026-03-28,C-0189,Store,RJ,Pix,Cancelled,0
O-00097,2026-06-21,C-0103,E-commerce,BA,Credit Card,Delivered,8
O-00098,2026-05-27,C-0150,E-commerce,SP,Pix,Delivered,6
O-00099,2026-05-09,C-0176,Marketplace,RJ,Pix,Delivered,2
O-00100,2026-05-21,C-0180,Store,RS,Pix,Cancelled,0
O-00101,2026-05-25,C-0235,E-commerce,PR,Pix,Delivered,4
O-00102,2026-02-22,C-0175,Marketplace,RS,Debit Card,Cancelled,0
O-00103,2026-04-27,C-0015,E-commerce,MG,Debit Card,Cancelled,0
O-00104,2026-01-12,C-0019,Store,RJ,Pix,Delivered,2
O-00105,2026-04-15,C-0074,E-commerce,PR,Pix,Delivered,7
O-00106,2026-03-31,C-0221,E-commerce,BA,Pix,Delivered,7
O-00107,2026-06-22,C-0119,Marketplace,MG,Debit Card,Cancelled,0
O-00108,2026-01-05,C-0197,E-commerce,SP,Credit Card,Delivered,2
O-00109,2026-01-12,C-0190,Store,SP,Credit Card,Delivered,4
O-00110,2026-05-28,C-0209,Store,PR,Pix,Cancelled,0
O-00111,2026-06-01,C-0143,Marketplace,RS,Pix,Delivered,7
O-00112,2026-04-07,C-0077,E-commerce,RS,Debit Card,Cancelled,0
O-00113,2026-01-15,C-0119,Marketplace,MG,Debit Card,Delivered,3
O-00114,2026-04-07,C-0069,Marketplace,PR,Pix,Cancelled,0
O-00115,2026-05-31,C-0195,Marketplace,MG,Credit Card,Cancelled,0
O-00116,2026-06-30,C-0155,E-commerce,SC,Credit Card,Delivered,6
O-00117,2026-05-08,C-0226,Store,SP,Pix,Delivered,8
O-00118,2026-05-22,C-0067,Marketplace,BA,Pix,Cancelled,0
O-00119,2026-05-06,C-0196,Marketplace,BA,Debit Card,Delivered,3
O-00120,2026-01-20,C-0009,Marketplace,RJ,Credit Card,Delivered,7
O-00121,2026-05-10,C-0056,Store,RS,Credit Card,Delivered,8
O-00122,2026-06-28,C-0209,Marketplace,PR,Credit Card,Delivered,2
O-00123,2026-06-08,C-0050,Marketplace,SP,Debit Card,Delivered,5
O-00124,2026-04-08,C-0104,Store,SP,Debit Card,Cancelled,0
O-00125,2026-01-22,C-0044,Store,MG,Pix,Delivered,6
O-00126,2026-06-27,C-0055,Marketplace,SP,Debit Card,Delivered,1
O-00127,2026-06-18,C-0145,E-commerce,RJ,Debit Card,Delivered,1
O-00128,2026-02-11,C-0077,Marketplace,RS,Pix,Delivered,7
O-00129,2026-04-22,C-0026,E-commerce,SP,Debit Card,Delivered,7
O-00130,2026-06-24,C-0048,Marketplace,SC,Credit Card,Delivered,5
O-00131,2026-06-12,C-0183,E-commerce,BA,Debit Card,Delivered,6
O-00132,2026-04-03,C-0114,Store,PR,Credit Card,Delivered,2
O-00133,2026-01-23,C-0007,Store,SC,Credit Card,Cancelled,0
O-00134,2026-02-13,C-0134,Marketplace,RS,Credit Card,Delivered,3
O-00135,2026-05-04,C-0077,E-commerce,RS,Debit Card,Delivered,4
O-00136,2026-03-26,C-0221,Store,BA,Debit Card,Delivered,3
O-00137,2026-06-12,C-0178,Store,MG,Credit Card,Cancelled,0
O-00138,2026-02-16,C-0140,Marketplace,RS,Credit Card,Cancelled,0
O-00139,2026-06-18,C-0065,E-commerce,SC,Debit Card,Delivered,2
O-00140,2026-03-05,C-0197,Marketplace,SP,Credit Card,Delivered,1
O-00141,2026-06-23,C-0198,Marketplace,MG,Credit Card,Cancelled,0
O-00142,2026-03-29,C-0080,Store,MG,Pix,Delivered,8
O-00143,2026-01-30,C-0208,E-commerce,MG,Pix,Delivered,2
O-00144,2026-04-20,C-0144,Store,SP,Debit Card,Delivered,3
O-00145,2026-04-20,C-0152,Store,RJ,Pix,Delivered,4
O-00146,2026-02-20,C-0084,Store,SC,Debit Card,Delivered,8
O-00147,2026-06-22,C-0045,Marketplace,SP,Pix,Delivered,2
O-00148,2026-06-27,C-0096,E-commerce,RJ,Debit Card,Cancelled,0
O-00149,2026-02-17,C-0036,Store,RJ,Pix,Delivered,1
O-00150,2026-05-06,C-0176,Store,RJ,Debit Card,Delivered,3
O-00151,2026-02-26,C-0195,Store,MG,Debit Card,Delivered,4
O-00152,2026-03-10,C-0030,Marketplace,SP,Pix,Delivered,1
O-00153,2026-01-31,C-0222,E-commerce,MG,Pix,Delivered,6
O-00154,2026-03-16,C-0181,Store,RJ,Debit Card,Cancelled,0
O-00155,2026-06-17,C-0071,E-commerce,SC,Credit Card,Delivered,3
O-00156,2026-06-12,C-0020,E-commerce,MG,Pix,Delivered,5
O-00157,2026-04-28,C-0249,Marketplace,PR,Credit Card,Delivered,7
O-00158,2026-03-28,C-0073,Marketplace,RS,Credit Card,Cancelled,0
O-00159,2026-06-26,C-0052,E-commerce,PR,Credit Card,Delivered,5
O-00160,2026-04-06,C-0022,Marketplace,SC,Credit Card,Delivered,7
O-00161,2026-01-20,C-0123,E-commerce,SC,Credit Card,Cancelled,0
O-00162,2026-01-27,C-0023,E-commerce,MG,Debit Card,Delivered,5
O-00163,2026-05-25,C-0136,E-commerce,SC,Pix,Cancelled,0
O-00164,2026-06-25,C-0158,Store,SC,Credit Card,Delivered,2
O-00165,2026-03-05,C-0036,Store,RJ,Credit Card,Delivered,5
O-00166,2026-06-05,C-0133,Marketplace,PR,Pix,Delivered,7
O-00167,2026-06-02,C-0164,E-commerce,RJ,Credit Card,Cancelled,0
O-00168,2026-01-19,C-0121,E-commerce,RS,Credit Card,Cancelled,0
O-00169,2026-01-16,C-0237,Store,PR,Debit Card,Cancelled,0
O-00170,2026-05-18,C-0040,Store,RJ,Pix,Delivered,2
O-00171,2026-06-06,C-0117,Marketplace,SC,Debit Card,Delivered,3
O-00172,2026-02-11,C-0003,Store,PR,Pix,Delivered,5
O-00173,2026-01-08,C-0231,Store,PR,Debit Card,Delivered,2
O-00174,2026-03-07,C-0041,E-commerce,RS,Pix,Cancelled,0
O-00175,2026-01-04,C-0220,E-commerce,RJ,Debit Card,Delivered,6
O-00176,2026-01-20,C-0212,Marketplace,SC,Credit Card,Delivered,1
O-00177,2026-03-21,C-0073,Store,RS,Pix,Delivered,8
O-00178,2026-03-19,C-0145,Marketplace,RJ,Credit Card,Cancelled,0
O-00179,2026-06-27,C-0215,E-commerce,PR,Credit Card,Delivered,7
O-00180,2026-01-24,C-0072,E-commerce,SP,Pix,Delivered,7
O-00181,2026-01-16,C-0146,Store,BA,Credit Card,Delivered,5
O-00182,2026-02-21,C-0020,E-commerce,MG,Credit Card,Cancelled,0
O-00183,2026-05-18,C-0031,Store,BA,Debit Card,Delivered,5
O-00184,2026-03-05,C-0183,Store,BA,Pix,Delivered,1
O-00185,2026-01-27,C-0119,E-commerce,MG,Credit Card,Delivered,1
O-00186,2026-06-15,C-0162,E-commerce,MG,Pix,Cancelled,0
O-00187,2026-03-26,C-0213,E-commerce,PR,Debit Card,Delivered,1
O-00188,2026-04-08,C-0008,Marketplace,BA,Credit Card,Delivered,6
O-00189,2026-06-08,C-0158,Marketplace,SC,Pix,Delivered,5
O-00190,2026-05-20,C-0206,E-commerce,BA,Pix,Delivered,6
O-00191,2026-03-13,C-0230,E-commerce,SP,Pix,Delivered,6
O-00192,2026-01-15,C-0137,E-commerce,MG,Debit Card,Cancelled,0
O-00193,2026-06-30,C-0008,Marketplace,BA,Pix,Delivered,3
O-00194,2026-03-01,C-0015,Marketplace,MG,Credit Card,Delivered,8
O-00195,2026-03-29,C-0034,Marketplace,RS,Debit Card,Delivered,1
O-00196,2026-05-15,C-0029,Store,RS,Debit Card,Delivered,7
O-00197,2026-02-10,C-0035,Marketplace,BA,Pix,Delivered,8
O-00198,2026-01-01,C-0046,Marketplace,SP,Debit Card,Cancelled,0
O-00199,2026-06-06,C-0248,E-commerce,BA,Credit Card,Cancelled,0
O-00200,2026-03-09,C-0003,E-commerce,PR,Pix,Delivered,2
O-00201,2026-04-16,C-0227,Store,BA,Debit Card,Delivered,7
O-00202,2026-01-19,C-0116,E-commerce,RS,Credit Card,Delivered,6
O-00203,2026-01-24,C-0242,Store,RJ,Pix,Cancelled,0
O-00204,2026-02-18,C-0250,Store,BA,Pix,Cancelled,0
O-00205,2026-04-03,C-0014,E-commerce,RS,Credit Card,Delivered,5
O-00206,2026-05-01,C-0102,Store,MG,Credit Card,Delivered,7
O-00207,2026-04-23,C-0068,Store,SC,Credit Card,Delivered,5
O-00208,2026-03-30,C-0172,Marketplace,SP,Pix,Delivered,4
O-00209,2026-05-02,C-0176,Marketplace,RJ,Debit Card,Delivered,5
O-00210,2026-05-13,C-0147,Marketplace,RJ,Credit Card,Cancelled,0
O-00211,2026-02-24,C-0249,E-commerce,PR,Credit Card,Delivered,7
O-00212,2026-06-10,C-0211,E-commerce,BA,Debit Card,Cancelled,0
O-00213,2026-01-04,C-0118,Marketplace,RS,Pix,Cancelled,0
O-00214,2026-04-09,C-0068,Marketplace,SC,Pix,Delivered,8
O-00215,2026-06-08,C-0037,Marketplace,PR,Credit Card,Delivered,7
O-00216,2026-03-19,C-0210,Store,SP,Debit Card,Delivered,2
O-00217,2026-04-17,C-0187,Marketplace,BA,Credit Card,Delivered,8
O-00218,2026-05-12,C-0015,E-commerce,MG,Debit Card,Delivered,7
O-00219,2026-03-05,C-0015,E-commerce,MG,Credit Card,Delivered,6
O-00220,2026-02-01,C-0237,Marketplace,PR,Credit Card,Delivered,6
O-00221,2026-04-09,C-0008,E-commerce,BA,Pix,Delivered,4
O-00222,2026-05-12,C-0105,E-commerce,PR,Debit Card,Delivered,3
O-00223,2026-06-14,C-0248,Store,BA,Debit Card,Delivered,6
O-00224,2026-06-02,C-0166,Marketplace,BA,Debit Card,Delivered,2
O-00225,2026-05-13,C-0039,E-commerce,BA,Pix,Delivered,7
O-00226,2026-01-10,C-0100,Marketplace,SP,Credit Card,Cancelled,0
O-00227,2026-06-18,C-0044,Marketplace,MG,Debit Card,Delivered,2
O-00228,2026-03-20,C-0224,Store,PR,Debit Card,Delivered,5
O-00229,2026-04-08,C-0175,Marketplace,RS,Debit Card,Delivered,1
O-00230,2026-02-16,C-0081,E-commerce,SP,Debit Card,Delivered,3
O-00231,2026-01-23,C-0202,E-commerce,RJ,Debit Card,Cancelled,0
O-00232,2026-05-16,C-0194,E-commerce,MG,Pix,Delivered,1
O-00233,2026-05-31,C-0129,Store,RS,Credit Card,Delivered,1
O-00234,2026-05-06,C-0231,Store,PR,Credit Card,Delivered,7
O-00235,2026-02-24,C-0034,Marketplace,RS,Pix,Delivered,3
O-00236,2026-06-13,C-0225,Store,RS,Pix,Cancelled,0
O-00237,2026-06-17,C-0028,E-commerce,SP,Pix,Delivered,2
O-00238,2026-06-19,C-0108,E-commerce,BA,Debit Card,Cancelled,0
O-00239,2026-01-28,C-0030,Store,SP,Pix,Delivered,4
O-00240,2026-02-23,C-0128,Marketplace,SC,Debit Card,Delivered,4
O-00241,2026-05-27,C-0214,Marketplace,BA,Credit Card,Delivered,2
O-00242,2026-03-01,C-0165,Store,RJ,Debit Card,Delivered,8
O-00243,2026-03-16,C-0011,Store,SC,Debit Card,Delivered,2
O-00244,2026-06-19,C-0036,Marketplace,RJ,Debit Card,Delivered,6
O-00245,2026-04-09,C-0070,Marketplace,SC,Debit Card,Delivered,3
O-00246,2026-01-27,C-0041,Store,RS,Debit Card,Cancelled,0
O-00247,2026-01-12,C-0113,E-commerce,RJ,Pix,Delivered,6
O-00248,2026-03-28,C-0224,Marketplace,PR,Pix,Cancelled,0
O-00249,2026-06-19,C-0089,Marketplace,MG,Credit Card,Delivered,1
O-00250,2026-05-01,C-0218,Store,RS,Credit Card,Delivered,8
O-00251,2026-03-02,C-0210,E-commerce,SP,Debit Card,Delivered,8
O-00252,2026-05-08,C-0031,Marketplace,BA,Credit Card,Delivered,7
O-00253,2026-01-14,C-0094,E-commerce,MG,Debit Card,Delivered,8
O-00254,2026-03-16,C-0163,Marketplace,SP,Debit Card,Cancelled,0
O-00255,2026-04-15,C-0036,E-commerce,RJ,Pix,Delivered,4
O-00256,2026-01-28,C-0087,Store,RJ,Pix,Delivered,2
O-00257,2026-02-02,C-0209,E-commerce,PR,Pix,Delivered,6
O-00258,2026-05-21,C-0180,Store,RS,Pix,Cancelled,0
O-00259,2026-06-22,C-0089,E-commerce,MG,Pix,Delivered,6
O-00260,2026-06-20,C-0147,Marketplace,RJ,Pix,Delivered,5
O-00261,2026-03-06,C-0175,E-commerce,RS,Pix,Delivered,5
O-00262,2026-06-22,C-0223,Marketplace,SP,Credit Card,Cancelled,0
O-00263,2026-01-04,C-0014,Marketplace,RS,Credit Card,Delivered,8
O-00264,2026-02-19,C-0186,Store,SC,Credit Card,Delivered,2
O-00265,2026-03-09,C-0143,E-commerce,RS,Pix,Delivered,5
O-00266,2026-02-09,C-0240,E-commerce,SP,Debit Card,Delivered,1
O-00267,2026-05-10,C-0018,E-commerce,SC,Pix,Delivered,7
O-00268,2026-03-26,C-0170,Store,PR,Debit Card,Delivered,4
O-00269,2026-01-30,C-0235,Store,PR,Pix,Delivered,5
O-00270,2026-05-11,C-0206,Store,BA,Credit Card,Delivered,5
O-00271,2026-02-23,C-0017,Marketplace,BA,Pix,Delivered,7
O-00272,2026-01-19,C-0210,Marketplace,SP,Credit Card,Delivered,8
O-00273,2026-02-28,C-0211,Store,BA,Debit Card,Delivered,8
O-00274,2026-01-19,C-0218,Store,RS,Credit Card,Cancelled,0
O-00275,2026-06-19,C-0211,E-commerce,BA,Credit Card,Delivered,4
O-00276,2026-03-18,C-0037,Marketplace,PR,Credit Card,Delivered,3
O-00277,2026-04-11,C-0153,Marketplace,PR,Credit Card,Cancelled,0
O-00278,2026-03-06,C-0214,E-commerce,BA,Credit Card,Delivered,1
O-00279,2026-02-02,C-0092,Marketplace,SP,Credit Card,Delivered,5
O-00280,2026-03-26,C-0116,Marketplace,RS,Pix,Delivered,3
O-00281,2026-04-03,C-0216,E-commerce,SP,Debit Card,Delivered,8
O-00282,2026-03-09,C-0051,Marketplace,RS,Pix,Delivered,2
O-00283,2026-05-29,C-0149,Store,RS,Credit Card,Cancelled,0
O-00284,2026-05-19,C-0229,Store,PR,Debit Card,Delivered,7
O-00285,2026-05-09,C-0094,E-commerce,MG,Pix,Delivered,3
O-00286,2026-05-04,C-0188,Store,SC,Credit Card,Delivered,8
O-00287,2026-05-13,C-0053,Store,PR,Debit Card,Delivered,8
O-00288,2026-05-14,C-0181,Marketplace,RJ,Pix,Delivered,5
O-00289,2026-04-07,C-0065,E-commerce,SC,Debit Card,Cancelled,0
O-00290,2026-01-20,C-0059,Marketplace,SC,Credit Card,Delivered,3
O-00291,2026-04-17,C-0059,Store,SC,Debit Card,Delivered,8
O-00292,2026-05-12,C-0162,E-commerce,MG,Credit Card,Cancelled,0
O-00293,2026-04-14,C-0133,Marketplace,PR,Pix,Cancelled,0
O-00294,2026-04-25,C-0056,Marketplace,RS,Debit Card,Delivered,3
O-00295,2026-05-11,C-0169,Store,SP,Pix,Delivered,6
O-00296,2026-06-05,C-0039,E-commerce,BA,Debit Card,Delivered,1
O-00297,2026-06-04,C-0034,Marketplace,RS,Pix,Delivered,7
O-00298,2026-03-07,C-0035,Store,BA,Credit Card,Delivered,5
O-00299,2026-06-26,C-0053,Store,PR,Debit Card,Delivered,2
O-00300,2026-06-06,C-0094,Store,MG,Credit Card,Delivered,7
O-00301,2026-06-18,C-0036,E-commerce,RJ,Debit Card,Delivered,3
O-00302,2026-05-21,C-0087,Marketplace,RJ,Credit Card,Delivered,7
O-00303,2026-06-03,C-0238,Store,BA,Credit Card,Delivered,5
O-00304,2026-06-17,C-0158,Marketplace,SC,Pix,Delivered,1
O-00305,2026-05-13,C-0169,Store,SP,Credit Card,Delivered,4
O-00306,2026-03-12,C-0023,Store,MG,Pix,Delivered,7
O-00307,2026-03-12,C-0247,E-commerce,PR,Credit Card,Cancelled,0
O-00308,2026-05-12,C-0206,Store,BA,Pix,Cancelled,0
O-00309,2026-06-24,C-0118,Store,RS,Credit Card,Cancelled,0
O-00310,2026-05-18,C-0133,E-commerce,PR,Credit Card,Delivered,5
O-00311,2026-02-15,C-0142,Store,RS,Debit Card,Delivered,4
O-00312,2026-02-22,C-0068,E-commerce,SC,Credit Card,Delivered,6
O-00313,2026-05-19,C-0002,E-commerce,SP,Debit Card,Delivered,6
O-00314,2026-05-19,C-0241,E-commerce,BA,Debit Card,Cancelled,0
O-00315,2026-01-26,C-0149,Store,RS,Pix,Delivered,5
O-00316,2026-04-04,C-0088,E-commerce,RS,Debit Card,Delivered,4
O-00317,2026-03-11,C-0026,E-commerce,SP,Debit Card,Cancelled,0
O-00318,2026-05-13,C-0162,Marketplace,MG,Debit Card,Delivered,5
O-00319,2026-06-11,C-0215,E-commerce,PR,Pix,Delivered,6
O-00320,2026-06-23,C-0090,Marketplace,PR,Pix,Delivered,3
O-00321,2026-06-07,C-0098,Store,MG,Pix,Delivered,3
O-00322,2026-01-19,C-0233,E-commerce,PR,Debit Card,Delivered,4
O-00323,2026-05-14,C-0151,Store,SP,Credit Card,Delivered,3
O-00324,2026-06-29,C-0065,Marketplace,SC,Credit Card,Delivered,3
O-00325,2026-04-10,C-0168,Store,MG,Credit Card,Delivered,5
O-00326,2026-05-19,C-0250,Store,BA,Debit Card,Cancelled,0
O-00327,2026-06-12,C-0192,Marketplace,RS,Pix,Delivered,5
O-00328,2026-03-19,C-0040,E-commerce,RJ,Pix,Delivered,3
O-00329,2026-04-21,C-0197,Store,SP,Credit Card,Cancelled,0
O-00330,2026-05-24,C-0106,Store,BA,Credit Card,Delivered,3
O-00331,2026-01-18,C-0049,E-commerce,RS,Debit Card,Delivered,2
O-00332,2026-01-27,C-0249,Store,PR,Credit Card,Delivered,8
O-00333,2026-05-07,C-0004,E-commerce,SC,Debit Card,Delivered,5
O-00334,2026-02-16,C-0121,E-commerce,RS,Debit Card,Delivered,1
O-00335,2026-04-24,C-0198,E-commerce,MG,Credit Card,Delivered,8
O-00336,2026-06-24,C-0100,Store,SP,Credit Card,Delivered,1
O-00337,2026-02-20,C-0077,Store,RS,Pix,Delivered,4
O-00338,2026-02-12,C-0004,Store,SC,Credit Card,Cancelled,0
O-00339,2026-01-24,C-0128,Marketplace,SC,Debit Card,Cancelled,0
O-00340,2026-06-29,C-0040,Marketplace,RJ,Credit Card,Delivered,8
O-00341,2026-04-07,C-0177,Store,RS,Debit Card,Delivered,1
O-00342,2026-03-12,C-0120,Marketplace,RJ,Credit Card,Cancelled,0
O-00343,2026-03-09,C-0076,Marketplace,RS,Debit Card,Delivered,1
O-00344,2026-05-18,C-0248,Store,BA,Pix,Delivered,8
O-00345,2026-05-14,C-0025,Marketplace,RJ,Credit Card,Delivered,3
O-00346,2026-05-27,C-0009,Marketplace,RJ,Pix,Delivered,8
O-00347,2026-04-30,C-0021,Marketplace,RS,Debit Card,Delivered,7
O-00348,2026-01-20,C-0078,E-commerce,PR,Credit Card,Cancelled,0
O-00349,2026-02-18,C-0099,E-commerce,RS,Pix,Cancelled,0
O-00350,2026-06-13,C-0028,Marketplace,SP,Pix,Delivered,8
O-00351,2026-03-22,C-0232,Marketplace,MG,Debit Card,Delivered,7
O-00352,2026-01-09,C-0001,Store,MG,Credit Card,Cancelled,0
O-00353,2026-01-06,C-0081,Marketplace,SP,Pix,Delivered,3
O-00354,2026-02-05,C-0040,Store,RJ,Pix,Delivered,4
O-00355,2026-02-25,C-0235,Marketplace,PR,Pix,Delivered,6
O-00356,2026-01-15,C-0200,Store,MG,Debit Card,Delivered,7
O-00357,2026-06-11,C-0200,Store,MG,Debit Card,Delivered,1
O-00358,2026-06-02,C-0193,Marketplace,RS,Credit Card,Cancelled,0
O-00359,2026-01-22,C-0087,Store,RJ,Pix,Cancelled,0
O-00360,2026-04-13,C-0022,Marketplace,SC,Pix,Delivered,3
O-00361,2026-05-15,C-0158,E-commerce,SC,Credit Card,Delivered,5
O-00362,2026-01-07,C-0168,Store,MG,Debit Card,Delivered,8
O-00363,2026-02-09,C-0096,Marketplace,RJ,Credit Card,Delivered,1
O-00364,2026-01-29,C-0178,Store,MG,Debit Card,Delivered,1
O-00365,2026-06-21,C-0179,E-commerce,PR,Pix,Delivered,1
O-00366,2026-06-19,C-0100,Store,SP,Credit Card,Delivered,1
O-00367,2026-05-09,C-0051,Store,RS,Pix,Cancelled,0
O-00368,2026-03-27,C-0079,Store,RS,Pix,Delivered,3
O-00369,2026-03-19,C-0161,E-commerce,SC,Debit Card,Cancelled,0
O-00370,2026-01-08,C-0228,Marketplace,RJ,Credit Card,Delivered,3
O-00371,2026-05-27,C-0062,E-commerce,SP,Debit Card,Delivered,6
O-00372,2026-05-15,C-0181,E-commerce,RJ,Credit Card,Delivered,3
O-00373,2026-04-16,C-0247,Store,PR,Pix,Delivered,5
O-00374,2026-06-07,C-0157,Store,SC,Pix,Cancelled,0
O-00375,2026-06-26,C-0021,Store,RS,Pix,Delivered,8
O-00376,2026-01-04,C-0105,Store,PR,Credit Card,Delivered,4
O-00377,2026-04-28,C-0084,E-commerce,SC,Debit Card,Delivered,1
O-00378,2026-04-12,C-0138,Marketplace,BA,Pix,Delivered,7
O-00379,2026-03-19,C-0102,Store,MG,Credit Card,Delivered,7
O-00380,2026-05-09,C-0185,E-commerce,SC,Pix,Delivered,3
O-00381,2026-06-16,C-0178,Marketplace,MG,Pix,Delivered,2
O-00382,2026-01-22,C-0093,Marketplace,SC,Pix,Delivered,3
O-00383,2026-01-14,C-0183,Store,BA,Debit Card,Delivered,8
O-00384,2026-05-08,C-0118,Store,RS,Credit Card,Cancelled,0
O-00385,2026-05-21,C-0226,Store,SP,Pix,Cancelled,0
O-00386,2026-01-09,C-0038,Marketplace,BA,Pix,Cancelled,0
O-00387,2026-06-27,C-0170,Marketplace,PR,Pix,Cancelled,0
O-00388,2026-04-08,C-0095,E-commerce,PR,Pix,Delivered,2
O-00389,2026-06-28,C-0054,E-commerce,RS,Credit Card,Cancelled,0
O-00390,2026-06-26,C-0186,Marketplace,SC,Debit Card,Delivered,6
O-00391,2026-02-16,C-0207,Marketplace,RJ,Pix,Delivered,5
O-00392,2026-02-23,C-0218,Marketplace,RS,Debit Card,Delivered,1
O-00393,2026-03-20,C-0018,Store,SC,Pix,Cancelled,0
O-00394,2026-02-19,C-0045,Store,SP,Pix,Delivered,8
O-00395,2026-03-18,C-0134,Marketplace,RS,Pix,Delivered,1
O-00396,2026-01-08,C-0072,Store,SP,Pix,Delivered,3
O-00397,2026-04-26,C-0096,Store,RJ,Pix,Delivered,5
O-00398,2026-05-10,C-0114,E-commerce,PR,Pix,Delivered,3
O-00399,2026-02-06,C-0084,E-commerce,SC,Pix,Cancelled,0
O-00400,2026-01-12,C-0080,Marketplace,MG,Credit Card,Cancelled,0
O-00401,2026-02-23,C-0229,Store,PR,Credit Card,Delivered,5
O-00402,2026-01-04,C-0030,Marketplace,SP,Pix,Cancelled,0
O-00403,2026-03-11,C-0082,E-commerce,RJ,Pix,Delivered,4
O-00404,2026-01-08,C-0034,Store,RS,Credit Card,Delivered,7
O-00405,2026-06-30,C-0046,Marketplace,SP,Pix,Cancelled,0
O-00406,2026-06-28,C-0209,Store,PR,Debit Card,Delivered,5
O-00407,2026-03-25,C-0221,Store,BA,Credit Card,Delivered,2
O-00408,2026-01-28,C-0183,Store,BA,Pix,Cancelled,0
O-00409,2026-04-16,C-0152,E-commerce,RJ,Credit Card,Cancelled,0
O-00410,2026-06-01,C-0178,Store,MG,Pix,Delivered,6
O-00411,2026-06-02,C-0152,Store,RJ,Pix,Delivered,2
O-00412,2026-02-05,C-0056,Marketplace,RS,Credit Card,Delivered,3
O-00413,2026-03-30,C-0184,E-commerce,SC,Credit Card,Cancelled,0
O-00414,2026-06-29,C-0111,Marketplace,PR,Pix,Delivered,6
O-00415,2026-04-03,C-0237,Store,PR,Debit Card,Delivered,3
O-00416,2026-05-05,C-0227,Marketplace,BA,Credit Card,Delivered,2
O-00417,2026-04-27,C-0047,Marketplace,RS,Pix,Delivered,8
O-00418,2026-05-20,C-0238,Marketplace,BA,Credit Card,Delivered,1
O-00419,2026-01-21,C-0133,Marketplace,PR,Credit Card,Cancelled,0
O-00420,2026-03-29,C-0014,Marketplace,RS,Debit Card,Delivered,8
O-00421,2026-05-25,C-0201,Store,MG,Pix,Delivered,8
O-00422,2026-01-22,C-0125,E-commerce,MG,Credit Card,Cancelled,0
O-00423,2026-06-04,C-0029,E-commerce,RS,Pix,Cancelled,0
O-00424,2026-03-02,C-0180,Store,RS,Pix,Delivered,1
O-00425,2026-04-23,C-0170,Marketplace,PR,Credit Card,Delivered,6
O-00426,2026-01-30,C-0210,E-commerce,SP,Debit Card,Delivered,7
O-00427,2026-04-22,C-0223,E-commerce,SP,Debit Card,Delivered,7
O-00428,2026-03-10,C-0070,E-commerce,SC,Pix,Delivered,7
O-00429,2026-01-18,C-0003,E-commerce,PR,Credit Card,Delivered,2
O-00430,2026-02-25,C-0169,Marketplace,SP,Pix,Delivered,2
O-00431,2026-06-15,C-0169,Marketplace,SP,Credit Card,Delivered,3
O-00432,2026-01-19,C-0042,Store,PR,Debit Card,Delivered,7
O-00433,2026-04-11,C-0157,E-commerce,SC,Credit Card,Delivered,3
O-00434,2026-01-05,C-0115,Store,RS,Pix,Delivered,1
O-00435,2026-06-29,C-0039,Store,BA,Pix,Delivered,1
O-00436,2026-05-18,C-0146,Store,BA,Pix,Delivered,5
O-00437,2026-04-09,C-0011,Marketplace,SC,Debit Card,Delivered,7
O-00438,2026-06-11,C-0022,Store,SC,Credit Card,Delivered,1
O-00439,2026-06-14,C-0139,Store,BA,Pix,Delivered,8
O-00440,2026-01-11,C-0087,Store,RJ,Credit Card,Delivered,8
O-00441,2026-01-05,C-0168,Store,MG,Credit Card,Cancelled,0
O-00442,2026-01-25,C-0211,Store,BA,Credit Card,Cancelled,0
O-00443,2026-06-07,C-0153,E-commerce,PR,Credit Card,Delivered,7
O-00444,2026-03-27,C-0045,E-commerce,SP,Debit Card,Delivered,3
O-00445,2026-01-05,C-0041,Store,RS,Credit Card,Delivered,1
O-00446,2026-02-22,C-0033,E-commerce,SC,Pix,Delivered,8
O-00447,2026-01-02,C-0108,Marketplace,BA,Credit Card,Delivered,2
O-00448,2026-05-19,C-0195,Marketplace,MG,Debit Card,Delivered,4
O-00449,2026-01-12,C-0237,E-commerce,PR,Debit Card,Delivered,4
O-00450,2026-05-05,C-0008,Marketplace,BA,Credit Card,Delivered,4
O-00451,2026-02-21,C-0106,Store,BA,Credit Card,Delivered,8
O-00452,2026-03-11,C-0092,E-commerce,SP,Credit Card,Delivered,1
O-00453,2026-04-30,C-0219,Store,SC,Credit Card,Delivered,6
O-00454,2026-05-22,C-0249,E-commerce,PR,Debit Card,Delivered,8
O-00455,2026-04-20,C-0187,Marketplace,BA,Credit Card,Delivered,6
O-00456,2026-04-11,C-0136,Store,SC,Debit Card,Delivered,8
O-00457,2026-04-02,C-0034,Store,RS,Pix,Delivered,2
O-00458,2026-04-28,C-0181,Marketplace,RJ,Credit Card,Cancelled,0
O-00459,2026-01-19,C-0161,Store,SC,Pix,Delivered,1
O-00460,2026-03-27,C-0226,Marketplace,SP,Pix,Delivered,6
O-00461,2026-06-08,C-0120,E-commerce,RJ,Debit Card,Delivered,3
O-00462,2026-03-03,C-0086,Marketplace,RJ,Pix,Delivered,8
O-00463,2026-04-19,C-0175,Store,RS,Credit Card,Delivered,6
O-00464,2026-04-05,C-0159,Marketplace,MG,Credit Card,Delivered,8
O-00465,2026-01-20,C-0074,E-commerce,PR,Debit Card,Delivered,2
O-00466,2026-06-24,C-0107,Marketplace,SP,Debit Card,Delivered,6
O-00467,2026-03-25,C-0166,Store,BA,Pix,Cancelled,0
O-00468,2026-01-13,C-0217,E-commerce,SP,Debit Card,Delivered,8
O-00469,2026-02-14,C-0250,Marketplace,BA,Credit Card,Delivered,4
O-00470,2026-04-23,C-0033,Store,SC,Credit Card,Delivered,4
O-00471,2026-04-06,C-0038,Store,BA,Credit Card,Cancelled,0
O-00472,2026-05-20,C-0249,Marketplace,PR,Pix,Delivered,5
O-00473,2026-05-22,C-0174,E-commerce,MG,Credit Card,Delivered,7
O-00474,2026-02-19,C-0165,Marketplace,RJ,Credit Card,Cancelled,0
O-00475,2026-02-19,C-0101,Store,BA,Pix,Delivered,1
O-00476,2026-03-31,C-0089,Store,MG,Pix,Delivered,2
O-00477,2026-04-19,C-0042,Marketplace,PR,Credit Card,Delivered,2
O-00478,2026-06-01,C-0239,Store,SC,Credit Card,Delivered,7
O-00479,2026-05-06,C-0142,E-commerce,RS,Pix,Delivered,5
O-00480,2026-06-20,C-0168,Store,MG,Credit Card,Delivered,8
O-00481,2026-04-03,C-0154,Marketplace,BA,Pix,Delivered,7
O-00482,2026-02-11,C-0067,Marketplace,BA,Credit Card,Delivered,6
O-00483,2026-05-16,C-0075,Marketplace,BA,Pix,Delivered,4
O-00484,2026-06-25,C-0217,Store,SP,Pix,Delivered,6
O-00485,2026-01-04,C-0037,E-commerce,PR,Debit Card,Cancelled,0
O-00486,2026-05-24,C-0049,Marketplace,RS,Pix,Cancelled,0
O-00487,2026-02-03,C-0030,E-commerce,SP,Debit Card,Delivered,5
O-00488,2026-01-31,C-0191,E-commerce,BA,Pix,Delivered,3
O-00489,2026-01-29,C-0177,E-commerce,RS,Debit Card,Delivered,7
O-00490,2026-06-18,C-0204,Marketplace,SP,Credit Card,Cancelled,0
O-00491,2026-02-21,C-0231,E-commerce,PR,Credit Card,Delivered,2
O-00492,2026-05-09,C-0219,Marketplace,SC,Credit Card,Cancelled,0
O-00493,2026-02-19,C-0056,Store,RS,Pix,Delivered,1
O-00494,2026-05-31,C-0179,E-commerce,PR,Pix,Delivered,2
O-00495,2026-03-22,C-0029,E-commerce,RS,Credit Card,Delivered,3
O-00496,2026-03-21,C-0154,Marketplace,BA,Credit Card,Delivered,7
O-00497,2026-05-06,C-0173,Marketplace,MG,Debit Card,Delivered,8
O-00498,2026-06-27,C-0103,Marketplace,BA,Pix,Delivered,3
O-00499,2026-06-02,C-0052,Store,PR,Credit Card,Delivered,7
O-00500,2026-04-27,C-0197,E-commerce,SP,Debit Card,Delivered,8
O-00501,2026-06-23,C-0155,Store,SC,Debit Card,Delivered,2
O-00502,2026-02-21,C-0120,Store,RJ,Debit Card,Delivered,5
O-00503,2026-04-07,C-0219,Store,SC,Credit Card,Delivered,1
O-00504,2026-03-21,C-0035,Marketplace,BA,Debit Card,Delivered,2
O-00505,2026-04-01,C-0174,Store,MG,Credit Card,Delivered,1
O-00506,2026-05-30,C-0208,E-commerce,MG,Debit Card,Delivered,2
O-00507,2026-06-26,C-0022,E-commerce,SC,Credit Card,Delivered,6
O-00508,2026-04-18,C-0132,Store,SP,Pix,Delivered,8
O-00509,2026-03-24,C-0100,Marketplace,SP,Debit Card,Delivered,2
O-00510,2026-03-18,C-0158,Store,SC,Credit Card,Delivered,8
O-00511,2026-01-13,C-0068,Store,SC,Debit Card,Cancelled,0
O-00512,2026-03-11,C-0087,E-commerce,RJ,Pix,Cancelled,0
O-00513,2026-04-13,C-0107,Store,SP,Pix,Cancelled,0
O-00514,2026-06-13,C-0240,Marketplace,SP,Debit Card,Cancelled,0
O-00515,2026-02-07,C-0119,E-commerce,MG,Pix,Delivered,5
O-00516,2026-06-03,C-0176,E-commerce,RJ,Credit Card,Delivered,2
O-00517,2026-04-22,C-0144,Store,SP,Credit Card,Delivered,3
O-00518,2026-01-15,C-0006,E-commerce,SP,Pix,Delivered,5
O-00519,2026-01-24,C-0169,Store,SP,Credit Card,Delivered,2
O-00520,2026-01-24,C-0227,E-commerce,BA,Credit Card,Cancelled,0
O-00521,2026-02-24,C-0045,Store,SP,Debit Card,Delivered,5
O-00522,2026-01-29,C-0243,Store,MG,Debit Card,Cancelled,0
O-00523,2026-06-05,C-0248,E-commerce,BA,Pix,Delivered,4
O-00524,2026-03-02,C-0222,Store,MG,Credit Card,Delivered,7
O-00525,2026-06-14,C-0082,Store,RJ,Debit Card,Delivered,2
O-00526,2026-06-04,C-0108,Marketplace,BA,Pix,Cancelled,0
O-00527,2026-02-21,C-0103,Marketplace,BA,Debit Card,Delivered,2
O-00528,2026-06-16,C-0183,E-commerce,BA,Pix,Cancelled,0
O-00529,2026-04-05,C-0107,E-commerce,SP,Debit Card,Delivered,4
O-00530,2026-04-29,C-0250,E-commerce,BA,Pix,Delivered,3
O-00531,2026-02-08,C-0067,E-commerce,BA,Credit Card,Delivered,2
O-00532,2026-04-27,C-0236,Marketplace,MG,Credit Card,Delivered,4
O-00533,2026-04-21,C-0034,E-commerce,RS,Credit Card,Cancelled,0
O-00534,2026-03-09,C-0250,E-commerce,BA,Debit Card,Cancelled,0
O-00535,2026-03-24,C-0224,Marketplace,PR,Pix,Delivered,4
O-00536,2026-04-01,C-0233,Marketplace,PR,Pix,Cancelled,0
O-00537,2026-04-08,C-0159,Store,MG,Pix,Delivered,6
O-00538,2026-05-07,C-0129,Store,RS,Credit Card,Delivered,2
O-00539,2026-03-13,C-0224,Marketplace,PR,Debit Card,Delivered,5
O-00540,2026-02-08,C-0244,Marketplace,SC,Credit Card,Delivered,4
O-00541,2026-06-30,C-0042,Store,PR,Credit Card,Delivered,8
O-00542,2026-05-05,C-0144,Store,SP,Credit Card,Delivered,3
O-00543,2026-03-14,C-0223,E-commerce,SP,Pix,Delivered,5
O-00544,2026-01-20,C-0236,E-commerce,MG,Pix,Delivered,2
O-00545,2026-02-09,C-0083,E-commerce,SC,Debit Card,Delivered,8
O-00546,2026-01-13,C-0221,Marketplace,BA,Debit Card,Delivered,1
O-00547,2026-03-07,C-0103,E-commerce,BA,Debit Card,Delivered,2
O-00548,2026-04-14,C-0200,Store,MG,Credit Card,Delivered,5
O-00549,2026-04-10,C-0115,Store,RS,Pix,Delivered,7
O-00550,2026-04-22,C-0048,Marketplace,SC,Credit Card,Delivered,1
O-00551,2026-04-22,C-0120,E-commerce,RJ,Debit Card,Delivered,3
O-00552,2026-01-13,C-0146,Marketplace,BA,Credit Card,Delivered,2
O-00553,2026-06-19,C-0190,Store,SP,Credit Card,Delivered,7
O-00554,2026-03-22,C-0077,Marketplace,RS,Pix,Delivered,8
O-00555,2026-01-28,C-0173,Store,MG,Credit Card,Cancelled,0
O-00556,2026-06-17,C-0044,Store,MG,Pix,Delivered,7
O-00557,2026-01-05,C-0029,Marketplace,RS,Credit Card,Delivered,4
O-00558,2026-04-19,C-0122,E-commerce,RS,Credit Card,Delivered,3
O-00559,2026-04-21,C-0162,Store,MG,Pix,Delivered,5
O-00560,2026-06-01,C-0132,Marketplace,SP,Pix,Cancelled,0
O-00561,2026-05-07,C-0030,Marketplace,SP,Debit Card,Delivered,7
O-00562,2026-05-01,C-0050,Store,SP,Credit Card,Delivered,4
O-00563,2026-02-11,C-0121,Marketplace,RS,Debit Card,Delivered,2
O-00564,2026-01-05,C-0013,Store,RS,Debit Card,Delivered,3
O-00565,2026-06-08,C-0030,E-commerce,SP,Pix,Delivered,4
O-00566,2026-04-23,C-0013,Store,RS,Credit Card,Delivered,2
O-00567,2026-01-31,C-0162,E-commerce,MG,Credit Card,Delivered,5
O-00568,2026-04-23,C-0052,Store,PR,Credit Card,Delivered,8
O-00569,2026-03-04,C-0171,E-commerce,SP,Debit Card,Cancelled,0
O-00570,2026-06-24,C-0133,Store,PR,Debit Card,Delivered,3
O-00571,2026-03-22,C-0087,Store,RJ,Debit Card,Delivered,1
O-00572,2026-03-13,C-0003,Marketplace,PR,Credit Card,Cancelled,0
O-00573,2026-05-18,C-0010,Store,BA,Pix,Delivered,3
O-00574,2026-05-19,C-0008,Marketplace,BA,Credit Card,Delivered,5
O-00575,2026-05-27,C-0077,Marketplace,RS,Debit Card,Delivered,6
O-00576,2026-05-27,C-0201,Marketplace,MG,Pix,Delivered,7
O-00577,2026-04-03,C-0200,Store,MG,Credit Card,Delivered,7
O-00578,2026-05-13,C-0144,Store,SP,Pix,Delivered,8
O-00579,2026-06-30,C-0248,Marketplace,BA,Credit Card,Cancelled,0
O-00580,2026-01-31,C-0095,Marketplace,PR,Credit Card,Delivered,2
O-00581,2026-03-17,C-0078,Store,PR,Credit Card,Delivered,3
O-00582,2026-01-12,C-0223,Store,SP,Pix,Delivered,5
O-00583,2026-03-25,C-0222,E-commerce,MG,Pix,Cancelled,0
O-00584,2026-05-27,C-0007,Marketplace,SC,Pix,Delivered,2
O-00585,2026-02-18,C-0134,Store,RS,Credit Card,Cancelled,0
O-00586,2026-02-22,C-0071,E-commerce,SC,Debit Card,Cancelled,0
O-00587,2026-01-12,C-0151,Store,SP,Debit Card,Delivered,7
O-00588,2026-01-24,C-0066,E-commerce,MG,Pix,Delivered,3
O-00589,2026-03-25,C-0158,E-commerce,SC,Pix,Delivered,1
O-00590,2026-01-31,C-0231,E-commerce,PR,Credit Card,Delivered,4
O-00591,2026-03-01,C-0163,E-commerce,SP,Pix,Delivered,2
O-00592,2026-06-12,C-0022,Marketplace,SC,Credit Card,Delivered,6
O-00593,2026-04-29,C-0209,Marketplace,PR,Pix,Delivered,3
O-00594,2026-03-06,C-0154,Marketplace,BA,Debit Card,Delivered,4
O-00595,2026-02-05,C-0032,Marketplace,MG,Debit Card,Cancelled,0
O-00596,2026-04-28,C-0054,Marketplace,RS,Credit Card,Delivered,3
O-00597,2026-01-03,C-0231,Marketplace,PR,Debit Card,Delivered,8
O-00598,2026-06-03,C-0097,Store,RS,Credit Card,Delivered,1
O-00599,2026-01-03,C-0114,E-commerce,PR,Debit Card,Delivered,6
O-00600,2026-04-03,C-0127,E-commerce,RJ,Debit Card,Delivered,4
O-00601,2026-03-13,C-0223,Marketplace,SP,Debit Card,Cancelled,0
O-00602,2026-02-02,C-0151,Marketplace,SP,Credit Card,Delivered,5
O-00603,2026-05-17,C-0174,Marketplace,MG,Pix,Delivered,8
O-00604,2026-03-24,C-0241,Store,BA,Debit Card,Delivered,2
O-00605,2026-02-19,C-0101,Store,BA,Pix,Delivered,1
O-00606,2026-03-21,C-0085,E-commerce,RS,Credit Card,Delivered,8
O-00607,2026-03-02,C-0204,E-commerce,SP,Pix,Cancelled,0
O-00608,2026-01-16,C-0033,Store,SC,Debit Card,Delivered,7
O-00609,2026-03-17,C-0014,Store,RS,Credit Card,Delivered,7
O-00610,2026-06-08,C-0110,Marketplace,RJ,Debit Card,Delivered,1
O-00611,2026-03-07,C-0131,Store,BA,Debit Card,Delivered,8
O-00612,2026-05-30,C-0080,Store,MG,Pix,Cancelled,0
O-00613,2026-01-03,C-0249,Marketplace,PR,Pix,Cancelled,0
O-00614,2026-02-20,C-0089,E-commerce,MG,Credit Card,Delivered,6
O-00615,2026-03-26,C-0178,Marketplace,MG,Debit Card,Cancelled,0
O-00616,2026-01-01,C-0236,Marketplace,MG,Pix,Delivered,4
O-00617,2026-04-03,C-0002,E-commerce,SP,Debit Card,Delivered,1
O-00618,2026-06-11,C-0050,Marketplace,SP,Credit Card,Delivered,1
O-00619,2026-03-28,C-0045,Marketplace,SP,Credit Card,Delivered,4
O-00620,2026-06-23,C-0006,E-commerce,SP,Pix,Delivered,2
O-00621,2026-06-09,C-0205,Store,MG,Credit Card,Delivered,3
O-00622,2026-04-20,C-0154,Marketplace,BA,Credit Card,Delivered,4
O-00623,2026-01-21,C-0187,Store,BA,Credit Card,Cancelled,0
O-00624,2026-04-29,C-0133,E-commerce,PR,Pix,Delivered,6
O-00625,2026-03-02,C-0221,Store,BA,Debit Card,Delivered,7
O-00626,2026-04-01,C-0133,E-commerce,PR,Credit Card,Cancelled,0
O-00627,2026-01-07,C-0098,E-commerce,MG,Credit Card,Delivered,5
O-00628,2026-05-09,C-0216,Marketplace,SP,Pix,Cancelled,0
O-00629,2026-01-19,C-0031,Store,BA,Pix,Delivered,4
O-00630,2026-05-20,C-0193,Store,RS,Debit Card,Delivered,5
O-00631,2026-02-28,C-0102,E-commerce,MG,Debit Card,Delivered,4
O-00632,2026-04-26,C-0113,Marketplace,RJ,Debit Card,Delivered,3
O-00633,2026-04-18,C-0058,Store,PR,Pix,Delivered,5
O-00634,2026-04-11,C-0053,E-commerce,PR,Debit Card,Cancelled,0
O-00635,2026-03-19,C-0230,E-commerce,SP,Credit Card,Delivered,3
O-00636,2026-02-20,C-0048,E-commerce,SC,Debit Card,Delivered,4
O-00637,2026-02-13,C-0003,Store,PR,Debit Card,Delivered,3
O-00638,2026-01-18,C-0191,Store,BA,Credit Card,Delivered,4
O-00639,2026-01-02,C-0052,E-commerce,PR,Credit Card,Delivered,7
O-00640,2026-01-11,C-0148,Marketplace,SP,Debit Card,Delivered,8
O-00641,2026-04-21,C-0188,Store,SC,Pix,Delivered,3
O-00642,2026-02-10,C-0227,Store,BA,Debit Card,Cancelled,0
O-00643,2026-05-22,C-0106,E-commerce,BA,Credit Card,Delivered,2
O-00644,2026-06-13,C-0019,Marketplace,RJ,Debit Card,Delivered,6
O-00645,2026-01-18,C-0119,E-commerce,MG,Pix,Cancelled,0
O-00646,2026-02-13,C-0042,E-commerce,PR,Credit Card,Cancelled,0
O-00647,2026-06-21,C-0020,E-commerce,MG,Credit Card,Delivered,8
O-00648,2026-05-14,C-0163,Marketplace,SP,Debit Card,Delivered,5
O-00649,2026-01-04,C-0008,Store,BA,Pix,Delivered,2
O-00650,2026-01-28,C-0132,Store,SP,Pix,Delivered,4
O-00651,2026-04-02,C-0028,Store,SP,Credit Card,Delivered,7
O-00652,2026-04-05,C-0160,E-commerce,BA,Credit Card,Delivered,7
O-00653,2026-04-10,C-0179,Marketplace,PR,Debit Card,Delivered,3
O-00654,2026-06-13,C-0131,Marketplace,BA,Pix,Delivered,1
O-00655,2026-06-08,C-0063,E-commerce,SC,Credit Card,Delivered,6
O-00656,2026-03-26,C-0225,E-commerce,RS,Debit Card,Delivered,1
O-00657,2026-06-20,C-0014,E-commerce,RS,Pix,Delivered,7
O-00658,2026-06-12,C-0014,E-commerce,RS,Credit Card,Delivered,2
O-00659,2026-04-30,C-0186,Store,SC,Pix,Delivered,4
O-00660,2026-04-25,C-0148,Marketplace,SP,Debit Card,Delivered,8
O-00661,2026-05-01,C-0043,Store,PR,Pix,Delivered,7
O-00662,2026-03-18,C-0022,Marketplace,SC,Credit Card,Cancelled,0
O-00663,2026-05-24,C-0097,Marketplace,RS,Credit Card,Delivered,6
O-00664,2026-05-09,C-0004,Marketplace,SC,Debit Card,Delivered,7
O-00665,2026-05-25,C-0239,E-commerce,SC,Debit Card,Delivered,5
O-00666,2026-03-05,C-0189,E-commerce,RJ,Credit Card,Delivered,6
O-00667,2026-04-27,C-0155,Marketplace,SC,Debit Card,Delivered,4
O-00668,2026-05-31,C-0181,E-commerce,RJ,Credit Card,Cancelled,0
O-00669,2026-01-23,C-0225,E-commerce,RS,Debit Card,Cancelled,0
O-00670,2026-05-06,C-0044,E-commerce,MG,Credit Card,Delivered,7
O-00671,2026-05-09,C-0047,E-commerce,RS,Pix,Delivered,4
O-00672,2026-04-15,C-0231,Store,PR,Credit Card,Cancelled,0
O-00673,2026-03-29,C-0017,E-commerce,BA,Credit Card,Cancelled,0
O-00674,2026-05-14,C-0155,Store,SC,Debit Card,Delivered,6
O-00675,2026-04-02,C-0015,Store,MG,Credit Card,Delivered,8
O-00676,2026-06-25,C-0159,Marketplace,MG,Pix,Delivered,7
O-00677,2026-03-25,C-0012,Marketplace,RS,Credit Card,Delivered,8
O-00678,2026-02-06,C-0050,Marketplace,SP,Pix,Cancelled,0
O-00679,2026-03-19,C-0023,Marketplace,MG,Debit Card,Cancelled,0
O-00680,2026-02-13,C-0055,Marketplace,SP,Credit Card,Delivered,7
O-00681,2026-03-13,C-0197,E-commerce,SP,Pix,Delivered,8
O-00682,2026-05-06,C-0163,E-commerce,SP,Credit Card,Delivered,2
O-00683,2026-03-16,C-0030,E-commerce,SP,Credit Card,Delivered,6
O-00684,2026-04-08,C-0081,Marketplace,SP,Debit Card,Delivered,1
O-00685,2026-06-04,C-0170,Marketplace,PR,Credit Card,Delivered,7
O-00686,2026-03-17,C-0038,E-commerce,BA,Pix,Delivered,8
O-00687,2026-03-21,C-0082,Marketplace,RJ,Debit Card,Delivered,8
O-00688,2026-02-09,C-0086,Marketplace,RJ,Pix,Delivered,4
O-00689,2026-03-18,C-0101,Marketplace,BA,Credit Card,Delivered,7
O-00690,2026-02-19,C-0179,Marketplace,PR,Debit Card,Cancelled,0
O-00691,2026-05-29,C-0203,E-commerce,RJ,Debit Card,Delivered,3
O-00692,2026-02-20,C-0206,Marketplace,BA,Debit Card,Delivered,2
O-00693,2026-05-02,C-0092,E-commerce,SP,Credit Card,Delivered,6
O-00694,2026-04-07,C-0191,Marketplace,BA,Debit Card,Delivered,7
O-00695,2026-06-21,C-0165,Marketplace,RJ,Credit Card,Delivered,8
O-00696,2026-02-02,C-0147,E-commerce,RJ,Credit Card,Delivered,3
O-00697,2026-06-03,C-0221,Marketplace,BA,Credit Card,Delivered,8
O-00698,2026-01-09,C-0066,E-commerce,MG,Pix,Delivered,5
O-00699,2026-03-17,C-0232,Marketplace,MG,Debit Card,Cancelled,0
O-00700,2026-05-11,C-0138,E-commerce,BA,Pix,Delivered,1
O-00701,2026-05-22,C-0155,E-commerce,SC,Debit Card,Cancelled,0
O-00702,2026-01-22,C-0117,Store,SC,Pix,Delivered,3
O-00703,2026-05-25,C-0096,Marketplace,RJ,Pix,Cancelled,0
O-00704,2026-06-04,C-0247,E-commerce,PR,Debit Card,Delivered,2
O-00705,2026-06-13,C-0085,E-commerce,RS,Debit Card,Delivered,5
O-00706,2026-01-27,C-0097,E-commerce,RS,Pix,Delivered,5
O-00707,2026-02-16,C-0100,Store,SP,Pix,Cancelled,0
O-00708,2026-06-13,C-0236,Store,MG,Pix,Delivered,7
O-00709,2026-03-22,C-0105,E-commerce,PR,Credit Card,Delivered,4
O-00710,2026-03-15,C-0191,Marketplace,BA,Credit Card,Delivered,7
O-00711,2026-06-07,C-0004,E-commerce,SC,Pix,Delivered,7
O-00712,2026-04-04,C-0020,E-commerce,MG,Debit Card,Cancelled,0
O-00713,2026-04-06,C-0044,E-commerce,MG,Pix,Delivered,4
O-00714,2026-03-09,C-0076,E-commerce,RS,Pix,Delivered,7
O-00715,2026-01-02,C-0092,Marketplace,SP,Debit Card,Delivered,5
O-00716,2026-05-06,C-0111,E-commerce,PR,Pix,Delivered,3
O-00717,2026-02-16,C-0229,Marketplace,PR,Credit Card,Delivered,8
O-00718,2026-04-12,C-0035,Store,BA,Credit Card,Delivered,3
O-00719,2026-06-24,C-0127,Marketplace,RJ,Debit Card,Delivered,7
O-00720,2026-03-29,C-0174,Store,MG,Pix,Cancelled,0
O-00721,2026-05-05,C-0073,E-commerce,RS,Credit Card,Delivered,3
O-00722,2026-06-20,C-0064,Store,RJ,Debit Card,Delivered,2
O-00723,2026-03-12,C-0010,E-commerce,BA,Debit Card,Delivered,1
O-00724,2026-03-01,C-0163,E-commerce,SP,Debit Card,Delivered,8
O-00725,2026-03-19,C-0014,E-commerce,RS,Debit Card,Delivered,5
O-00726,2026-03-24,C-0170,E-commerce,PR,Debit Card,Delivered,5
O-00727,2026-05-06,C-0243,Store,MG,Debit Card,Delivered,2
O-00728,2026-02-03,C-0142,Store,RS,Pix,Delivered,6
O-00729,2026-06-04,C-0191,E-commerce,BA,Pix,Delivered,4
O-00730,2026-05-02,C-0186,E-commerce,SC,Pix,Cancelled,0
O-00731,2026-05-24,C-0219,Store,SC,Debit Card,Delivered,2
O-00732,2026-05-25,C-0245,E-commerce,MG,Pix,Delivered,7
O-00733,2026-02-10,C-0001,Marketplace,MG,Pix,Delivered,1
O-00734,2026-03-16,C-0061,E-commerce,SC,Debit Card,Delivered,3
O-00735,2026-04-05,C-0155,Store,SC,Pix,Delivered,5
O-00736,2026-02-26,C-0092,Marketplace,SP,Credit Card,Delivered,5
O-00737,2026-06-26,C-0191,Store,BA,Pix,Delivered,4
O-00738,2026-05-03,C-0038,E-commerce,BA,Credit Card,Delivered,8
O-00739,2026-01-06,C-0073,Store,RS,Credit Card,Delivered,7
O-00740,2026-06-15,C-0233,Store,PR,Pix,Delivered,3
O-00741,2026-01-06,C-0099,E-commerce,RS,Pix,Delivered,1
O-00742,2026-01-03,C-0248,E-commerce,BA,Pix,Cancelled,0
O-00743,2026-03-20,C-0042,Store,PR,Credit Card,Delivered,4
O-00744,2026-02-01,C-0140,E-commerce,RS,Credit Card,Delivered,5
O-00745,2026-02-27,C-0001,E-commerce,MG,Debit Card,Delivered,7
O-00746,2026-01-29,C-0227,Store,BA,Credit Card,Delivered,4
O-00747,2026-03-27,C-0158,E-commerce,SC,Credit Card,Delivered,1
O-00748,2026-02-08,C-0109,Marketplace,SP,Pix,Delivered,5
O-00749,2026-02-08,C-0001,Marketplace,MG,Debit Card,Delivered,3
O-00750,2026-04-09,C-0047,Store,RS,Debit Card,Delivered,7
O-00751,2026-05-07,C-0137,Marketplace,MG,Credit Card,Cancelled,0
O-00752,2026-04-03,C-0005,Marketplace,SP,Credit Card,Delivered,2
O-00753,2026-02-05,C-0218,Store,RS,Credit Card,Delivered,7
O-00754,2026-06-28,C-0247,Marketplace,PR,Debit Card,Delivered,1
O-00755,2026-03-04,C-0021,E-commerce,RS,Pix,Delivered,7
O-00756,2026-03-28,C-0106,Store,BA,Debit Card,Delivered,2
O-00757,2026-04-19,C-0102,Marketplace,MG,Pix,Delivered,5
O-00758,2026-02-24,C-0191,Store,BA,Credit Card,Cancelled,0
O-00759,2026-04-30,C-0178,Store,MG,Pix,Delivered,7
O-00760,2026-03-27,C-0200,E-commerce,MG,Debit Card,Delivered,3
O-00761,2026-03-21,C-0003,E-commerce,PR,Credit Card,Cancelled,0
O-00762,2026-05-25,C-0146,E-commerce,BA,Debit Card,Cancelled,0
O-00763,2026-03-21,C-0242,E-commerce,RJ,Debit Card,Delivered,7
O-00764,2026-01-25,C-0173,Store,MG,Pix,Delivered,2
O-00765,2026-02-08,C-0042,Marketplace,PR,Credit Card,Delivered,2
O-00766,2026-06-05,C-0133,Marketplace,PR,Debit Card,Cancelled,0
O-00767,2026-06-10,C-0146,Store,BA,Credit Card,Delivered,3
O-00768,2026-03-13,C-0018,Marketplace,SC,Debit Card,Delivered,2
O-00769,2026-03-07,C-0122,Store,RS,Credit Card,Delivered,8
O-00770,2026-06-08,C-0105,Marketplace,PR,Debit Card,Delivered,6
O-00771,2026-01-15,C-0165,Marketplace,RJ,Pix,Delivered,1
O-00772,2026-02-27,C-0019,Store,RJ,Pix,Delivered,2
O-00773,2026-04-12,C-0028,Store,SP,Debit Card,Delivered,6
O-00774,2026-02-24,C-0125,Marketplace,MG,Credit Card,Delivered,5
O-00775,2026-04-21,C-0093,Store,SC,Credit Card,Delivered,4
O-00776,2026-06-12,C-0065,E-commerce,SC,Credit Card,Delivered,2
O-00777,2026-03-08,C-0229,E-commerce,PR,Credit Card,Delivered,7
O-00778,2026-04-01,C-0112,Marketplace,RJ,Debit Card,Cancelled,0
O-00779,2026-06-20,C-0186,Marketplace,SC,Credit Card,Cancelled,0
O-00780,2026-06-22,C-0203,Store,RJ,Pix,Delivered,1
O-00781,2026-02-25,C-0097,Store,RS,Credit Card,Delivered,1
O-00782,2026-04-01,C-0106,Store,BA,Debit Card,Cancelled,0
O-00783,2026-04-08,C-0112,Store,RJ,Pix,Delivered,5
O-00784,2026-01-05,C-0167,Marketplace,BA,Credit Card,Delivered,8
O-00785,2026-01-09,C-0149,Marketplace,RS,Debit Card,Delivered,4
O-00786,2026-04-29,C-0090,Store,PR,Credit Card,Delivered,6
O-00787,2026-04-17,C-0215,Marketplace,PR,Credit Card,Delivered,7
O-00788,2026-04-06,C-0203,Marketplace,RJ,Debit Card,Cancelled,0
O-00789,2026-05-28,C-0014,Store,RS,Pix,Delivered,7
O-00790,2026-02-02,C-0026,Marketplace,SP,Pix,Delivered,7
O-00791,2026-06-01,C-0161,E-commerce,SC,Pix,Delivered,2
O-00792,2026-04-07,C-0200,Store,MG,Debit Card,Delivered,2
O-00793,2026-06-02,C-0118,E-commerce,RS,Credit Card,Delivered,5
O-00794,2026-01-06,C-0126,Store,RS,Debit Card,Delivered,2
O-00795,2026-02-16,C-0042,Store,PR,Credit Card,Delivered,1
O-00796,2026-06-03,C-0158,Marketplace,SC,Credit Card,Delivered,5
O-00797,2026-05-13,C-0006,Marketplace,SP,Credit Card,Delivered,6
O-00798,2026-02-26,C-0036,E-commerce,RJ,Debit Card,Delivered,5
O-00799,2026-02-14,C-0065,E-commerce,SC,Debit Card,Delivered,2
O-00800,2026-06-09,C-0082,E-commerce,RJ,Debit Card,Cancelled,0
O-00801,2026-06-15,C-0155,Marketplace,SC,Debit Card,Delivered,1
O-00802,2026-02-17,C-0203,Store,RJ,Credit Card,Delivered,4
O-00803,2026-02-24,C-0085,Store,RS,Debit Card,Cancelled,0
O-00804,2026-01-27,C-0056,Marketplace,RS,Pix,Delivered,2
O-00805,2026-02-01,C-0031,Store,BA,Pix,Delivered,6
O-00806,2026-05-16,C-0236,E-commerce,MG,Pix,Delivered,1
O-00807,2026-04-17,C-0206,Marketplace,BA,Debit Card,Delivered,6
O-00808,2026-04-27,C-0179,Store,PR,Debit Card,Delivered,2
O-00809,2026-02-05,C-0003,E-commerce,PR,Pix,Delivered,7
O-00810,2026-05-18,C-0232,E-commerce,MG,Debit Card,Delivered,1
O-00811,2026-03-26,C-0068,Marketplace,SC,Debit Card,Cancelled,0
O-00812,2026-05-30,C-0038,Store,BA,Pix,Delivered,2
O-00813,2026-05-04,C-0198,E-commerce,MG,Debit Card,Delivered,5
O-00814,2026-02-22,C-0166,Marketplace,BA,Credit Card,Delivered,8
O-00815,2026-04-30,C-0056,Store,RS,Debit Card,Delivered,2
O-00816,2026-04-04,C-0057,Store,BA,Pix,Delivered,4
O-00817,2026-03-03,C-0029,E-commerce,RS,Credit Card,Delivered,5
O-00818,2026-01-31,C-0068,Marketplace,SC,Debit Card,Delivered,7
O-00819,2026-03-11,C-0113,Store,RJ,Credit Card,Delivered,7
O-00820,2026-06-15,C-0013,E-commerce,RS,Credit Card,Delivered,2
O-00821,2026-05-17,C-0017,E-commerce,BA,Credit Card,Delivered,7
O-00822,2026-06-30,C-0074,Marketplace,PR,Pix,Delivered,1
O-00823,2026-06-26,C-0079,E-commerce,RS,Debit Card,Delivered,2
O-00824,2026-04-20,C-0122,Store,RS,Credit Card,Delivered,5
O-00825,2026-05-02,C-0091,Marketplace,RJ,Debit Card,Delivered,4
O-00826,2026-03-27,C-0078,Store,PR,Pix,Delivered,6
O-00827,2026-05-13,C-0086,Marketplace,RJ,Debit Card,Cancelled,0
O-00828,2026-02-26,C-0106,Marketplace,BA,Debit Card,Delivered,8
O-00829,2026-01-23,C-0053,E-commerce,PR,Pix,Delivered,2
O-00830,2026-04-17,C-0151,Store,SP,Credit Card,Delivered,1
O-00831,2026-06-25,C-0238,E-commerce,BA,Pix,Delivered,3
O-00832,2026-02-25,C-0011,Store,SC,Credit Card,Cancelled,0
O-00833,2026-04-01,C-0111,Marketplace,PR,Credit Card,Delivered,5
O-00834,2026-03-11,C-0183,E-commerce,BA,Debit Card,Delivered,2
O-00835,2026-01-26,C-0103,Store,BA,Pix,Delivered,5
O-00836,2026-02-21,C-0197,Store,SP,Debit Card,Delivered,4
O-00837,2026-04-22,C-0225,E-commerce,RS,Pix,Delivered,8
O-00838,2026-05-24,C-0008,E-commerce,BA,Credit Card,Delivered,3
O-00839,2026-01-02,C-0172,Store,SP,Debit Card,Cancelled,0
O-00840,2026-06-16,C-0213,E-commerce,PR,Pix,Delivered,2
O-00841,2026-05-13,C-0053,E-commerce,PR,Pix,Cancelled,0
O-00842,2026-02-21,C-0177,E-commerce,RS,Credit Card,Delivered,3
O-00843,2026-01-27,C-0053,Store,PR,Pix,Delivered,8
O-00844,2026-06-07,C-0169,E-commerce,SP,Credit Card,Delivered,1
O-00845,2026-03-16,C-0123,Store,SC,Pix,Delivered,8
O-00846,2026-03-14,C-0008,Store,BA,Pix,Delivered,7
O-00847,2026-06-16,C-0166,Marketplace,BA,Debit Card,Cancelled,0
O-00848,2026-04-28,C-0226,Store,SP,Credit Card,Delivered,6
O-00849,2026-04-01,C-0039,Marketplace,BA,Debit Card,Cancelled,0
O-00850,2026-05-10,C-0182,Marketplace,PR,Debit Card,Cancelled,0
O-00851,2026-04-14,C-0159,E-commerce,MG,Credit Card,Delivered,3
O-00852,2026-03-01,C-0195,Marketplace,MG,Credit Card,Delivered,3
O-00853,2026-01-28,C-0083,Marketplace,SC,Debit Card,Delivered,3
O-00854,2026-02-11,C-0052,Store,PR,Credit Card,Cancelled,0
O-00855,2026-06-21,C-0246,E-commerce,PR,Credit Card,Delivered,3
O-00856,2026-01-19,C-0140,Store,RS,Pix,Delivered,8
O-00857,2026-05-24,C-0231,E-commerce,PR,Debit Card,Delivered,7
O-00858,2026-03-16,C-0058,Store,PR,Pix,Delivered,6
O-00859,2026-05-28,C-0137,E-commerce,MG,Pix,Cancelled,0
O-00860,2026-01-09,C-0008,Store,BA,Debit Card,Delivered,4
O-00861,2026-01-19,C-0127,Marketplace,RJ,Pix,Cancelled,0
O-00862,2026-06-06,C-0154,E-commerce,BA,Debit Card,Cancelled,0
O-00863,2026-06-16,C-0058,Store,PR,Debit Card,Delivered,5
O-00864,2026-01-05,C-0176,Marketplace,RJ,Credit Card,Delivered,7
O-00865,2026-03-29,C-0050,Store,SP,Credit Card,Delivered,4
O-00866,2026-05-18,C-0106,Marketplace,BA,Credit Card,Delivered,4
O-00867,2026-02-16,C-0113,Store,RJ,Debit Card,Delivered,6
O-00868,2026-06-18,C-0032,E-commerce,MG,Debit Card,Delivered,4
O-00869,2026-03-04,C-0168,Marketplace,MG,Debit Card,Delivered,2
O-00870,2026-06-09,C-0244,Store,SC,Credit Card,Delivered,4
O-00871,2026-02-06,C-0096,E-commerce,RJ,Pix,Delivered,8
O-00872,2026-06-06,C-0219,Store,SC,Credit Card,Delivered,7
O-00873,2026-03-31,C-0139,E-commerce,BA,Debit Card,Cancelled,0
O-00874,2026-01-15,C-0110,E-commerce,RJ,Debit Card,Cancelled,0
O-00875,2026-03-02,C-0237,E-commerce,PR,Debit Card,Delivered,5
O-00876,2026-04-12,C-0147,E-commerce,RJ,Debit Card,Cancelled,0
O-00877,2026-02-15,C-0068,Store,SC,Credit Card,Delivered,8
O-00878,2026-06-13,C-0123,Marketplace,SC,Debit Card,Delivered,1
O-00879,2026-02-16,C-0113,Store,RJ,Debit Card,Delivered,8
O-00880,2026-06-17,C-0030,E-commerce,SP,Pix,Delivered,8
O-00881,2026-01-12,C-0184,Marketplace,SC,Debit Card,Delivered,2
O-00882,2026-01-20,C-0131,E-commerce,BA,Debit Card,Delivered,6
O-00883,2026-03-17,C-0242,Marketplace,RJ,Credit Card,Delivered,6
O-00884,2026-01-28,C-0007,Marketplace,SC,Debit Card,Delivered,6
O-00885,2026-06-16,C-0196,E-commerce,BA,Credit Card,Delivered,7
O-00886,2026-06-18,C-0121,Marketplace,RS,Debit Card,Cancelled,0
O-00887,2026-04-03,C-0197,E-commerce,SP,Debit Card,Delivered,2
O-00888,2026-01-20,C-0130,Store,RJ,Pix,Delivered,4
O-00889,2026-01-31,C-0081,E-commerce,SP,Debit Card,Delivered,3
O-00890,2026-02-02,C-0026,E-commerce,SP,Credit Card,Delivered,3
O-00891,2026-02-02,C-0091,Store,RJ,Credit Card,Cancelled,0
O-00892,2026-04-01,C-0236,Store,MG,Pix,Delivered,8
O-00893,2026-04-27,C-0167,Store,BA,Debit Card,Delivered,3
O-00894,2026-04-09,C-0083,Store,SC,Credit Card,Delivered,1
O-00895,2026-03-14,C-0089,E-commerce,MG,Debit Card,Delivered,5
O-00896,2026-05-22,C-0053,Marketplace,PR,Credit Card,Delivered,1
O-00897,2026-05-27,C-0073,Store,RS,Pix,Delivered,3
O-00898,2026-06-21,C-0188,E-commerce,SC,Credit Card,Delivered,4
O-00899,2026-03-12,C-0086,Store,RJ,Pix,Cancelled,0
O-00900,2026-01-26,C-0111,Marketplace,PR,Debit Card,Cancelled,0
O-00901,2026-05-31,C-0036,Store,RJ,Pix,Delivered,4
O-00902,2026-01-23,C-0225,Marketplace,RS,Credit Card,Delivered,7
O-00903,2026-01-10,C-0046,Store,SP,Pix,Delivered,7
O-00904,2026-03-01,C-0216,Store,SP,Debit Card,Delivered,7
O-00905,2026-03-05,C-0084,Marketplace,SC,Credit Card,Delivered,3
O-00906,2026-01-08,C-0061,Store,SC,Pix,Delivered,4
O-00907,2026-05-05,C-0069,Marketplace,PR,Debit Card,Delivered,1
O-00908,2026-03-26,C-0157,E-commerce,SC,Pix,Cancelled,0
O-00909,2026-01-24,C-0098,Marketplace,MG,Debit Card,Delivered,2
O-00910,2026-02-20,C-0138,E-commerce,BA,Debit Card,Cancelled,0
O-00911,2026-03-05,C-0142,E-commerce,RS,Credit Card,Delivered,2
O-00912,2026-04-07,C-0201,Marketplace,MG,Credit Card,Delivered,5
O-00913,2026-06-30,C-0185,Marketplace,SC,Credit Card,Delivered,1
O-00914,2026-04-19,C-0083,Marketplace,SC,Debit Card,Delivered,5
O-00915,2026-05-04,C-0072,Store,SP,Pix,Cancelled,0
O-00916,2026-05-20,C-0196,Marketplace,BA,Debit Card,Delivered,4
O-00917,2026-05-03,C-0095,Marketplace,PR,Pix,Delivered,5
O-00918,2026-04-14,C-0037,Marketplace,PR,Pix,Delivered,4
O-00919,2026-03-28,C-0080,E-commerce,MG,Debit Card,Delivered,7
O-00920,2026-05-06,C-0144,Marketplace,SP,Debit Card,Delivered,4
O-00921,2026-01-04,C-0033,E-commerce,SC,Pix,Cancelled,0
O-00922,2026-01-30,C-0223,E-commerce,SP,Debit Card,Delivered,3
O-00923,2026-06-07,C-0083,Store,SC,Pix,Cancelled,0
O-00924,2026-04-06,C-0158,Marketplace,SC,Debit Card,Cancelled,0
O-00925,2026-05-01,C-0039,E-commerce,BA,Debit Card,Delivered,4
O-00926,2026-06-09,C-0016,Store,BA,Credit Card,Cancelled,0
O-00927,2026-01-04,C-0161,E-commerce,SC,Debit Card,Delivered,7
O-00928,2026-02-25,C-0188,Store,SC,Debit Card,Delivered,2
O-00929,2026-06-07,C-0189,Marketplace,RJ,Credit Card,Delivered,3
O-00930,2026-06-07,C-0238,E-commerce,BA,Credit Card,Delivered,8
O-00931,2026-05-11,C-0036,Store,RJ,Pix,Delivered,8
O-00932,2026-05-14,C-0080,Store,MG,Credit Card,Cancelled,0
O-00933,2026-05-06,C-0114,Marketplace,PR,Pix,Delivered,2
O-00934,2026-02-18,C-0144,Store,SP,Credit Card,Delivered,1
O-00935,2026-03-26,C-0080,E-commerce,MG,Debit Card,Delivered,1
O-00936,2026-01-15,C-0161,Marketplace,SC,Pix,Delivered,8
O-00937,2026-02-15,C-0189,E-commerce,RJ,Debit Card,Delivered,2
O-00938,2026-05-20,C-0025,Store,RJ,Pix,Delivered,1
O-00939,2026-06-20,C-0215,Marketplace,PR,Credit Card,Delivered,4
O-00940,2026-06-05,C-0071,E-commerce,SC,Debit Card,Cancelled,0
O-00941,2026-04-30,C-0088,Marketplace,RS,Pix,Delivered,8
O-00942,2026-01-23,C-0187,E-commerce,BA,Pix,Delivered,1
O-00943,2026-03-05,C-0225,Store,RS,Pix,Delivered,3
O-00944,2026-02-18,C-0058,Store,PR,Credit Card,Delivered,5
O-00945,2026-06-14,C-0198,Marketplace,MG,Pix,Delivered,3
O-00946,2026-05-26,C-0138,E-commerce,BA,Debit Card,Delivered,5
O-00947,2026-04-30,C-0056,Store,RS,Credit Card,Delivered,3
O-00948,2026-01-03,C-0092,E-commerce,SP,Debit Card,Delivered,6
O-00949,2026-04-23,C-0006,Marketplace,SP,Pix,Delivered,7
O-00950,2026-03-01,C-0249,Marketplace,PR,Debit Card,Delivered,7
O-00951,2026-06-28,C-0248,Marketplace,BA,Pix,Delivered,3
O-00952,2026-02-06,C-0203,Store,RJ,Debit Card,Delivered,3
O-00953,2026-03-04,C-0186,E-commerce,SC,Debit Card,Cancelled,0
O-00954,2026-05-01,C-0026,Marketplace,SP,Pix,Delivered,4
O-00955,2026-03-25,C-0198,Store,MG,Pix,Delivered,7
O-00956,2026-05-31,C-0190,E-commerce,SP,Pix,Delivered,3
O-00957,2026-04-12,C-0154,E-commerce,BA,Credit Card,Delivered,8
O-00958,2026-06-17,C-0099,E-commerce,RS,Credit Card,Delivered,5
O-00959,2026-01-28,C-0133,Store,PR,Debit Card,Delivered,2
O-00960,2026-01-14,C-0198,Store,MG,Debit Card,Delivered,2
O-00961,2026-04-09,C-0195,Marketplace,MG,Credit Card,Delivered,1
O-00962,2026-02-01,C-0011,Store,SC,Debit Card,Delivered,1
O-00963,2026-04-02,C-0076,Store,RS,Debit Card,Delivered,6
O-00964,2026-01-22,C-0045,Marketplace,SP,Credit Card,Delivered,3
O-00965,2026-02-07,C-0010,Marketplace,BA,Debit Card,Delivered,2
O-00966,2026-01-21,C-0168,Store,MG,Credit Card,Delivered,5
O-00967,2026-04-22,C-0240,Store,SP,Debit Card,Delivered,1
O-00968,2026-06-03,C-0119,Marketplace,MG,Credit Card,Delivered,4
O-00969,2026-06-05,C-0183,Store,BA,Debit Card,Cancelled,0
O-00970,2026-04-24,C-0211,E-commerce,BA,Pix,Delivered,8
O-00971,2026-06-19,C-0009,Marketplace,RJ,Pix,Delivered,8
O-00972,2026-04-30,C-0173,E-commerce,MG,Pix,Delivered,3
O-00973,2026-05-18,C-0097,E-commerce,RS,Pix,Delivered,2
O-00974,2026-05-27,C-0029,Store,RS,Credit Card,Delivered,7
O-00975,2026-05-17,C-0138,Store,BA,Debit Card,Delivered,8
O-00976,2026-01-26,C-0233,Store,PR,Pix,Cancelled,0
O-00977,2026-04-15,C-0147,E-commerce,RJ,Pix,Delivered,4
O-00978,2026-06-03,C-0191,Marketplace,BA,Pix,Delivered,4
O-00979,2026-02-21,C-0240,Store,SP,Debit Card,Delivered,2
O-00980,2026-06-25,C-0063,Marketplace,SC,Credit Card,Delivered,3
O-00981,2026-01-09,C-0192,Marketplace,RS,Pix,Delivered,8
O-00982,2026-04-12,C-0208,Marketplace,MG,Debit Card,Delivered,7
O-00983,2026-03-28,C-0169,E-commerce,SP,Debit Card,Delivered,4
O-00984,2026-03-08,C-0063,Store,SC,Pix,Delivered,8
O-00985,2026-01-07,C-0074,E-commerce,PR,Pix,Delivered,6
O-00986,2026-02-09,C-0076,Marketplace,RS,Credit Card,Delivered,5
O-00987,2026-02-13,C-0159,Store,MG,Pix,Delivered,6
O-00988,2026-01-17,C-0172,Store,SP,Debit Card,Delivered,4
O-00989,2026-04-02,C-0051,Store,RS,Pix,Delivered,1
O-00990,2026-01-26,C-0161,Store,SC,Credit Card,Cancelled,0
O-00991,2026-02-16,C-0066,Marketplace,MG,Credit Card,Delivered,8
O-00992,2026-01-17,C-0049,E-commerce,RS,Debit Card,Cancelled,0
O-00993,2026-05-29,C-0150,Store,SP,Credit Card,Delivered,1
O-00994,2026-05-19,C-0026,Marketplace,SP,Pix,Delivered,8
O-00995,2026-06-12,C-0207,Marketplace,RJ,Credit Card,Delivered,5
O-00996,2026-05-17,C-0223,E-commerce,SP,Debit Card,Delivered,5
O-00997,2026-06-22,C-0111,Store,PR,Debit Card,Delivered,6
O-00998,2026-03-20,C-0129,Store,RS,Debit Card,Cancelled,0
O-00999,2026-05-27,C-0054,Marketplace,RS,Debit Card,Delivered,3
O-01000,2026-05-13,C-0245,Store,MG,Debit Card,Cancelled,0
O-01001,2026-03-22,C-0091,Store,RJ,Debit Card,Delivered,7
O-01002,2026-02-21,C-0181,E-commerce,RJ,Debit Card,Delivered,6
O-01003,2026-03-25,C-0098,Marketplace,MG,Pix,Cancelled,0
O-01004,2026-02-11,C-0063,Store,SC,Pix,Delivered,8
O-01005,2026-06-30,C-0246,Store,PR,Debit Card,Delivered,7
O-01006,2026-03-12,C-0088,Marketplace,RS,Debit Card,Delivered,5
O-01007,2026-03-25,C-0019,Marketplace,RJ,Credit Card,Delivered,3
O-01008,2026-03-16,C-0136,Marketplace,SC,Credit Card,Delivered,2
O-01009,2026-03-27,C-0093,E-commerce,SC,Debit Card,Delivered,1
O-01010,2026-05-16,C-0013,E-commerce,RS,Debit Card,Cancelled,0
O-01011,2026-05-10,C-0246,Store,PR,Debit Card,Cancelled,0
O-01012,2026-05-12,C-0041,E-commerce,RS,Debit Card,Cancelled,0
O-01013,2026-02-08,C-0228,Marketplace,RJ,Credit Card,Delivered,3
O-01014,2026-02-27,C-0003,Store,PR,Credit Card,Delivered,5
O-01015,2026-05-28,C-0211,Store,BA,Credit Card,Cancelled,0
O-01016,2026-06-04,C-0137,E-commerce,MG,Pix,Delivered,6
O-01017,2026-02-23,C-0169,E-commerce,SP,Credit Card,Delivered,7
O-01018,2026-04-07,C-0243,E-commerce,MG,Pix,Delivered,4
O-01019,2026-02-23,C-0194,E-commerce,MG,Pix,Delivered,6
O-01020,2026-01-02,C-0005,Store,SP,Debit Card,Delivered,2
O-01021,2026-01-22,C-0180,Marketplace,RS,Debit Card,Delivered,1
O-01022,2026-02-09,C-0133,E-commerce,PR,Credit Card,Delivered,1
O-01023,2026-04-18,C-0041,E-commerce,RS,Pix,Delivered,3
O-01024,2026-03-20,C-0053,Store,PR,Debit Card,Delivered,6
O-01025,2026-05-01,C-0228,E-commerce,RJ,Debit Card,Delivered,1
O-01026,2026-04-17,C-0119,Marketplace,MG,Credit Card,Delivered,1
O-01027,2026-01-25,C-0172,Store,SP,Pix,Delivered,4
O-01028,2026-01-25,C-0022,Marketplace,SC,Debit Card,Delivered,2
O-01029,2026-04-29,C-0182,Marketplace,PR,Pix,Cancelled,0
O-01030,2026-04-09,C-0232,Marketplace,MG,Credit Card,Delivered,3
O-01031,2026-03-02,C-0204,E-commerce,SP,Debit Card,Delivered,1
O-01032,2026-03-13,C-0191,Marketplace,BA,Debit Card,Cancelled,0
O-01033,2026-03-09,C-0133,E-commerce,PR,Debit Card,Delivered,1
O-01034,2026-03-17,C-0183,E-commerce,BA,Debit Card,Delivered,8
O-01035,2026-02-20,C-0005,Marketplace,SP,Pix,Delivered,3
O-01036,2026-06-27,C-0059,Marketplace,SC,Debit Card,Delivered,3
O-01037,2026-06-08,C-0163,E-commerce,SP,Pix,Delivered,7
O-01038,2026-04-18,C-0249,Store,PR,Debit Card,Delivered,3
O-01039,2026-04-16,C-0194,E-commerce,MG,Debit Card,Delivered,3
O-01040,2026-03-05,C-0050,Store,SP,Credit Card,Delivered,5
O-01041,2026-02-06,C-0114,Marketplace,PR,Debit Card,Delivered,1
O-01042,2026-06-10,C-0027,Marketplace,MG,Credit Card,Delivered,8
O-01043,2026-03-07,C-0229,E-commerce,PR,Debit Card,Delivered,3
O-01044,2026-04-21,C-0180,Store,RS,Pix,Delivered,2
O-01045,2026-01-04,C-0022,E-commerce,SC,Credit Card,Delivered,8
O-01046,2026-05-05,C-0212,Marketplace,SC,Pix,Cancelled,0
O-01047,2026-04-03,C-0062,Marketplace,SP,Debit Card,Cancelled,0
O-01048,2026-01-07,C-0233,E-commerce,PR,Credit Card,Cancelled,0
O-01049,2026-04-16,C-0075,E-commerce,BA,Debit Card,Delivered,6
O-01050,2026-02-11,C-0204,E-commerce,SP,Pix,Cancelled,0
O-01051,2026-06-07,C-0091,Marketplace,RJ,Debit Card,Delivered,5
O-01052,2026-03-22,C-0104,Marketplace,SP,Pix,Delivered,3
O-01053,2026-01-29,C-0005,E-commerce,SP,Debit Card,Cancelled,0
O-01054,2026-06-19,C-0154,Store,BA,Credit Card,Delivered,6
O-01055,2026-04-24,C-0058,E-commerce,PR,Pix,Delivered,3
O-01056,2026-02-25,C-0208,E-commerce,MG,Debit Card,Delivered,4
O-01057,2026-04-17,C-0113,Marketplace,RJ,Pix,Cancelled,0
O-01058,2026-04-10,C-0148,Marketplace,SP,Pix,Delivered,6
O-01059,2026-03-24,C-0035,Marketplace,BA,Pix,Delivered,3
O-01060,2026-01-27,C-0081,Marketplace,SP,Pix,Delivered,6
O-01061,2026-05-08,C-0113,Marketplace,RJ,Credit Card,Delivered,3
O-01062,2026-01-15,C-0167,Store,BA,Pix,Delivered,3
O-01063,2026-03-12,C-0245,Marketplace,MG,Pix,Delivered,1
O-01064,2026-05-19,C-0197,Marketplace,SP,Debit Card,Cancelled,0
O-01065,2026-04-02,C-0194,Marketplace,MG,Credit Card,Delivered,2
O-01066,2026-03-26,C-0031,E-commerce,BA,Debit Card,Delivered,7
O-01067,2026-01-24,C-0128,E-commerce,SC,Debit Card,Delivered,4
O-01068,2026-01-06,C-0066,Marketplace,MG,Pix,Delivered,1
O-01069,2026-05-26,C-0008,Marketplace,BA,Credit Card,Delivered,3
O-01070,2026-06-24,C-0025,E-commerce,RJ,Debit Card,Cancelled,0
O-01071,2026-01-10,C-0160,Marketplace,BA,Debit Card,Delivered,5
O-01072,2026-02-12,C-0133,E-commerce,PR,Credit Card,Delivered,3
O-01073,2026-04-04,C-0064,E-commerce,RJ,Debit Card,Delivered,4
O-01074,2026-05-28,C-0145,Marketplace,RJ,Pix,Cancelled,0
O-01075,2026-01-22,C-0097,Store,RS,Debit Card,Delivered,2
O-01076,2026-01-11,C-0213,E-commerce,PR,Debit Card,Delivered,3
O-01077,2026-05-18,C-0247,E-commerce,PR,Pix,Delivered,3
O-01078,2026-02-22,C-0183,Store,BA,Pix,Delivered,1
O-01079,2026-03-16,C-0030,E-commerce,SP,Pix,Delivered,6
O-01080,2026-06-03,C-0037,E-commerce,PR,Pix,Cancelled,0
O-01081,2026-04-16,C-0211,Store,BA,Credit Card,Delivered,8
O-01082,2026-06-26,C-0170,E-commerce,PR,Pix,Delivered,2
O-01083,2026-05-18,C-0047,Store,RS,Pix,Delivered,5
O-01084,2026-05-08,C-0217,E-commerce,SP,Pix,Delivered,1
O-01085,2026-06-07,C-0112,Store,RJ,Pix,Delivered,3
O-01086,2026-03-06,C-0088,E-commerce,RS,Debit Card,Delivered,4
O-01087,2026-03-16,C-0243,Marketplace,MG,Credit Card,Delivered,3
O-01088,2026-06-04,C-0063,Marketplace,SC,Pix,Delivered,3
O-01089,2026-05-17,C-0133,E-commerce,PR,Pix,Cancelled,0
O-01090,2026-03-01,C-0176,E-commerce,RJ,Credit Card,Delivered,1
O-01091,2026-04-09,C-0166,Store,BA,Debit Card,Cancelled,0
O-01092,2026-04-03,C-0226,E-commerce,SP,Debit Card,Delivered,3
O-01093,2026-05-19,C-0226,E-commerce,SP,Credit Card,Delivered,6
O-01094,2026-04-10,C-0244,Store,SC,Debit Card,Delivered,6
O-01095,2026-03-20,C-0165,E-commerce,RJ,Credit Card,Delivered,8
O-01096,2026-06-09,C-0232,Store,MG,Credit Card,Delivered,4
O-01097,2026-04-09,C-0053,Marketplace,PR,Debit Card,Delivered,3
O-01098,2026-06-06,C-0239,Marketplace,SC,Pix,Delivered,2
O-01099,2026-01-14,C-0236,Store,MG,Debit Card,Delivered,6
O-01100,2026-03-22,C-0160,Marketplace,BA,Debit Card,Delivered,6
O-01101,2026-04-17,C-0042,E-commerce,PR,Pix,Cancelled,0
O-01102,2026-04-08,C-0226,Store,SP,Debit Card,Delivered,3
O-01103,2026-05-27,C-0150,E-commerce,SP,Credit Card,Delivered,8
O-01104,2026-02-08,C-0101,E-commerce,BA,Pix,Delivered,6
O-01105,2026-03-06,C-0094,E-commerce,MG,Debit Card,Cancelled,0
O-01106,2026-06-16,C-0014,E-commerce,RS,Debit Card,Delivered,8
O-01107,2026-06-09,C-0238,E-commerce,BA,Credit Card,Cancelled,0
O-01108,2026-03-27,C-0097,Store,RS,Debit Card,Cancelled,0
O-01109,2026-06-21,C-0236,E-commerce,MG,Pix,Delivered,2
O-01110,2026-02-15,C-0020,Store,MG,Credit Card,Delivered,4
O-01111,2026-03-29,C-0004,Marketplace,SC,Credit Card,Delivered,8
O-01112,2026-01-21,C-0238,E-commerce,BA,Pix,Delivered,2
O-01113,2026-01-21,C-0013,Store,RS,Pix,Delivered,4
O-01114,2026-02-20,C-0046,Store,SP,Pix,Delivered,4
O-01115,2026-03-24,C-0048,E-commerce,SC,Debit Card,Delivered,5
O-01116,2026-02-11,C-0194,E-commerce,MG,Credit Card,Delivered,8
O-01117,2026-06-22,C-0191,E-commerce,BA,Pix,Delivered,6
O-01118,2026-03-23,C-0215,Store,PR,Pix,Delivered,8
O-01119,2026-02-13,C-0151,E-commerce,SP,Debit Card,Delivered,8
O-01120,2026-04-08,C-0082,Marketplace,RJ,Debit Card,Delivered,6
O-01121,2026-02-17,C-0152,E-commerce,RJ,Credit Card,Delivered,7
O-01122,2026-05-05,C-0049,Marketplace,RS,Debit Card,Delivered,7
O-01123,2026-05-03,C-0181,Marketplace,RJ,Credit Card,Delivered,4
O-01124,2026-06-03,C-0032,E-commerce,MG,Debit Card,Cancelled,0
O-01125,2026-04-25,C-0005,Store,SP,Credit Card,Delivered,4
O-01126,2026-03-26,C-0204,Marketplace,SP,Credit Card,Delivered,6
O-01127,2026-01-05,C-0121,Store,RS,Credit Card,Cancelled,0
O-01128,2026-03-12,C-0050,Marketplace,SP,Debit Card,Delivered,1
O-01129,2026-03-22,C-0125,Marketplace,MG,Credit Card,Cancelled,0
O-01130,2026-02-19,C-0227,Marketplace,BA,Debit Card,Cancelled,0
O-01131,2026-02-06,C-0053,Store,PR,Credit Card,Delivered,7
O-01132,2026-02-07,C-0233,Store,PR,Pix,Delivered,3
O-01133,2026-01-05,C-0245,E-commerce,MG,Debit Card,Delivered,8
O-01134,2026-04-12,C-0083,E-commerce,SC,Pix,Delivered,1
O-01135,2026-01-27,C-0039,Marketplace,BA,Pix,Delivered,4
O-01136,2026-04-16,C-0021,Store,RS,Debit Card,Delivered,7
O-01137,2026-04-12,C-0203,Marketplace,RJ,Pix,Delivered,2
O-01138,2026-06-15,C-0015,Marketplace,MG,Credit Card,Cancelled,0
O-01139,2026-01-11,C-0011,E-commerce,SC,Credit Card,Delivered,3
O-01140,2026-06-21,C-0007,Marketplace,SC,Pix,Delivered,2
O-01141,2026-05-30,C-0059,Store,SC,Debit Card,Delivered,2
O-01142,2026-04-06,C-0143,Marketplace,RS,Credit Card,Delivered,4
O-01143,2026-04-25,C-0008,Marketplace,BA,Debit Card,Cancelled,0
O-01144,2026-02-22,C-0239,E-commerce,SC,Pix,Cancelled,0
O-01145,2026-03-06,C-0228,E-commerce,RJ,Credit Card,Cancelled,0
O-01146,2026-04-28,C-0084,Store,SC,Credit Card,Cancelled,0
O-01147,2026-03-12,C-0003,E-commerce,PR,Debit Card,Delivered,7
O-01148,2026-04-06,C-0190,E-commerce,SP,Debit Card,Delivered,1
O-01149,2026-06-24,C-0191,E-commerce,BA,Credit Card,Delivered,1
O-01150,2026-05-29,C-0223,Marketplace,SP,Debit Card,Cancelled,0
O-01151,2026-01-08,C-0097,E-commerce,RS,Debit Card,Delivered,8
O-01152,2026-01-07,C-0069,Marketplace,PR,Credit Card,Delivered,4
O-01153,2026-01-23,C-0094,Marketplace,MG,Debit Card,Delivered,8
O-01154,2026-06-13,C-0189,Store,RJ,Credit Card,Delivered,7
O-01155,2026-04-15,C-0139,Store,BA,Credit Card,Delivered,5
O-01156,2026-06-24,C-0139,E-commerce,BA,Debit Card,Delivered,3
O-01157,2026-04-18,C-0211,E-commerce,BA,Pix,Cancelled,0
O-01158,2026-03-07,C-0002,Marketplace,SP,Pix,Delivered,4
O-01159,2026-03-31,C-0148,Marketplace,SP,Pix,Delivered,2
O-01160,2026-05-10,C-0001,E-commerce,MG,Credit Card,Delivered,2
O-01161,2026-03-17,C-0008,E-commerce,BA,Credit Card,Delivered,2
O-01162,2026-04-02,C-0109,Marketplace,SP,Credit Card,Delivered,5
O-01163,2026-06-01,C-0158,E-commerce,SC,Credit Card,Delivered,8
O-01164,2026-05-31,C-0177,Marketplace,RS,Pix,Delivered,8
O-01165,2026-01-23,C-0195,Store,MG,Pix,Delivered,2
O-01166,2026-03-28,C-0098,E-commerce,MG,Debit Card,Cancelled,0
O-01167,2026-06-30,C-0199,Store,RS,Pix,Delivered,7
O-01168,2026-06-22,C-0221,E-commerce,BA,Debit Card,Cancelled,0
O-01169,2026-06-28,C-0071,Marketplace,SC,Pix,Delivered,1
O-01170,2026-01-11,C-0042,Store,PR,Debit Card,Cancelled,0
O-01171,2026-01-12,C-0097,Store,RS,Credit Card,Delivered,6
O-01172,2026-04-04,C-0128,Marketplace,SC,Credit Card,Delivered,6
O-01173,2026-04-22,C-0072,Marketplace,SP,Credit Card,Delivered,2
O-01174,2026-05-10,C-0103,E-commerce,BA,Credit Card,Delivered,1
O-01175,2026-04-06,C-0140,Marketplace,RS,Debit Card,Delivered,2
O-01176,2026-02-07,C-0052,Store,PR,Pix,Delivered,7
O-01177,2026-01-04,C-0202,E-commerce,RJ,Pix,Cancelled,0
O-01178,2026-05-02,C-0170,Store,PR,Credit Card,Delivered,2
O-01179,2026-02-07,C-0131,E-commerce,BA,Pix,Delivered,2
O-01180,2026-03-09,C-0212,Store,SC,Debit Card,Delivered,1
O-01181,2026-02-02,C-0233,Store,PR,Pix,Cancelled,0
O-01182,2026-01-22,C-0144,Marketplace,SP,Pix,Delivered,1
O-01183,2026-05-01,C-0219,Marketplace,SC,Debit Card,Delivered,3
O-01184,2026-03-15,C-0224,Marketplace,PR,Credit Card,Cancelled,0
O-01185,2026-04-16,C-0174,Store,MG,Pix,Delivered,7
O-01186,2026-06-25,C-0176,Store,RJ,Pix,Cancelled,0
O-01187,2026-02-22,C-0064,Marketplace,RJ,Credit Card,Delivered,8
O-01188,2026-06-05,C-0066,E-commerce,MG,Credit Card,Delivered,7
O-01189,2026-01-14,C-0069,Store,PR,Pix,Delivered,2
O-01190,2026-03-13,C-0018,E-commerce,SC,Pix,Cancelled,0
O-01191,2026-03-28,C-0029,Marketplace,RS,Debit Card,Delivered,7
O-01192,2026-03-02,C-0091,E-commerce,RJ,Pix,Delivered,6
O-01193,2026-05-27,C-0024,Marketplace,BA,Debit Card,Cancelled,0
O-01194,2026-03-03,C-0001,Marketplace,MG,Debit Card,Delivered,7
O-01195,2026-04-08,C-0158,E-commerce,SC,Debit Card,Cancelled,0
O-01196,2026-05-08,C-0006,Marketplace,SP,Debit Card,Cancelled,0
O-01197,2026-04-01,C-0081,Store,SP,Credit Card,Delivered,5
O-01198,2026-01-17,C-0179,Store,PR,Debit Card,Delivered,6
O-01199,2026-02-28,C-0090,Store,PR,Debit Card,Delivered,8
O-01200,2026-04-08,C-0010,Store,BA,Credit Card,Delivered,2
